issueKey,type,resolution,status,createdDateEpoch,resolvedDateEpoch
PDFBOX-4005,Bug,Fixed,Closed,2017-11-10 00:58:17,2017-11-10 01:00:58
PDFBOX-4006,Bug,Fixed,Closed,2017-11-10 02:50:14,2017-11-15 02:23:21
PDFBOX-4007,Bug,Duplicate,Closed,2017-11-10 03:38:50,2019-01-02 00:34:38
PDFBOX-4008,Improvement,Unresolved,Open,2017-11-10 19:58:15,
PDFBOX-4009,Bug,Fixed,Closed,2017-11-11 01:58:57,2019-01-02 00:26:06
PDFBOX-4010,Bug,Unresolved,Open,2017-11-14 20:42:41,
PDFBOX-4011,Bug,Fixed,Closed,2017-11-15 01:52:35,2017-11-16 02:22:26
PDFBOX-4012,Bug,Fixed,Closed,2017-11-16 02:56:27,2017-11-24 01:08:36
PDFBOX-4013,Bug,Fixed,Closed,2017-11-16 16:51:10,2018-07-19 01:52:07
PDFBOX-4014,Bug,Fixed,Closed,2017-11-16 20:20:55,2018-02-07 02:26:23
PDFBOX-4015,Bug,Fixed,Closed,2017-11-17 00:54:57,2017-11-17 01:04:46
PDFBOX-4016,Bug,Not A Problem,Closed,2017-11-17 09:21:49,2017-11-18 15:19:52
PDFBOX-4017,Bug,Fixed,Closed,2017-11-18 05:01:57,2019-04-22 03:05:16
PDFBOX-4018,Bug,Fixed,Closed,2017-11-20 20:12:40,2017-11-24 01:00:36
PDFBOX-4019,Improvement,Unresolved,Open,2017-11-21 00:31:54,
PDFBOX-4020,Improvement,Fixed,Closed,2017-11-21 19:06:13,2018-03-10 00:50:19
PDFBOX-4021,Bug,Fixed,Closed,2017-11-23 15:21:37,2018-01-15 01:28:04
PDFBOX-4022,Improvement,Fixed,Closed,2017-11-23 15:29:08,2017-11-24 01:07:18
PDFBOX-4023,Bug,Unresolved,Open,2017-11-27 20:20:57,
PDFBOX-4024,Improvement,Fixed,Closed,2017-11-28 16:41:41,2017-12-05 01:13:05
PDFBOX-4025,Improvement,Fixed,Closed,2017-11-29 01:28:11,2017-12-08 01:50:25
PDFBOX-4026,Bug,Not A Bug,Closed,2017-11-29 10:22:07,2017-12-07 01:02:05
PDFBOX-4027,Bug,Fixed,Closed,2017-12-06 01:31:49,2017-12-09 01:47:49
PDFBOX-4028,Bug,Unresolved,Open,2017-12-06 17:49:50,
PDFBOX-4029,Sub-task,Fixed,Closed,2017-12-06 23:29:06,2017-12-10 00:04:53
PDFBOX-4030,Bug,Fixed,Closed,2017-12-07 23:56:54,2017-12-08 00:08:17
PDFBOX-4031,Task,Won't Fix,Closed,2017-12-08 08:23:17,2018-01-04 01:12:58
PDFBOX-4032,Improvement,Won't Do,Closed,2017-12-09 01:55:04,2018-01-15 00:57:21
PDFBOX-4033,Bug,Incomplete,Closed,2017-12-11 18:56:44,2018-01-15 00:54:38
PDFBOX-4034,Bug,Unresolved,Open,2017-12-14 20:10:32,
PDFBOX-4035,Improvement,Won't Fix,Closed,2017-12-15 10:42:54,2018-01-04 01:14:00
PDFBOX-4036,Bug,Not A Bug,Closed,2017-12-15 16:13:05,2017-12-16 05:00:45
PDFBOX-4037,Bug,Not A Bug,Closed,2017-12-15 18:21:29,2017-12-20 22:30:52
PDFBOX-4038,Bug,Fixed,Closed,2017-12-15 18:45:57,2017-12-16 15:29:43
PDFBOX-4039,Bug,Duplicate,Closed,2017-12-15 19:16:46,2019-10-11 01:30:52
PDFBOX-4040,Improvement,Fixed,Closed,2017-12-15 23:54:12,2017-12-16 04:42:08
PDFBOX-4041,Bug,Cannot Reproduce,Closed,2017-12-19 06:45:27,2018-01-14 03:57:37
PDFBOX-4042,Improvement,Unresolved,Open,2017-12-19 22:10:22,
PDFBOX-4043,Bug,Fixed,Closed,2017-12-20 18:07:13,2017-12-22 18:42:50
PDFBOX-4044,Bug,Fixed,Closed,2017-12-21 20:41:36,2017-12-22 04:48:50
PDFBOX-4045,Bug,Not A Bug,Closed,2017-12-22 21:53:06,2018-01-14 03:40:20
PDFBOX-4046,Bug,Unresolved,Open,2017-12-26 05:07:17,
PDFBOX-4047,Bug,Not A Bug,Closed,2017-12-26 15:33:17,2018-01-03 04:54:59
PDFBOX-4048,Bug,Not A Bug,Closed,2017-12-31 03:55:52,2017-12-31 04:20:20
PDFBOX-4049,Bug,Duplicate,Closed,2018-01-04 22:42:38,2018-03-10 23:18:18
PDFBOX-4050,Task,Fixed,Closed,2018-01-05 01:42:06,2018-01-05 02:19:32
PDFBOX-4051,Bug,Not A Bug,Closed,2018-01-05 14:18:49,2018-01-05 20:19:49
PDFBOX-4052,Bug,Fixed,Closed,2018-01-05 15:13:19,2018-01-24 15:34:09
PDFBOX-4053,Bug,Fixed,Closed,2018-01-06 02:39:18,2018-01-06 02:40:17
PDFBOX-4054,Improvement,Won't Do,Closed,2018-01-06 05:00:43,2019-01-04 01:02:53
PDFBOX-4055,Task,Fixed,Closed,2018-01-07 23:26:43,2018-02-28 01:50:41
PDFBOX-4056,Bug,Not A Bug,Closed,2018-01-08 18:35:52,2018-01-14 20:01:23
PDFBOX-4057,Improvement,Implemented,Closed,2018-01-08 22:46:35,2018-05-01 18:41:59
PDFBOX-4058,Bug,Fixed,Closed,2018-01-08 23:19:01,2018-01-11 04:44:02
PDFBOX-4059,Bug,Not A Bug,Closed,2018-01-10 02:36:14,2018-01-10 04:39:48
PDFBOX-4060,Bug,Fixed,Closed,2018-01-10 02:57:51,2021-03-08 20:07:23
PDFBOX-4061,Bug,Fixed,Closed,2018-01-11 03:32:20,2018-01-11 04:21:44
PDFBOX-4062,Bug,Not A Bug,Closed,2018-01-11 18:16:20,2018-01-12 16:09:11
PDFBOX-4063,Bug,Cannot Reproduce,Closed,2018-01-12 01:15:47,2018-01-15 00:07:14
PDFBOX-4064,Bug,Fixed,Closed,2018-01-12 21:54:22,2018-01-14 01:43:07
PDFBOX-4065,Task,Fixed,Closed,2018-01-16 11:18:28,2018-01-16 11:50:07
PDFBOX-4066,Bug,Fixed,Closed,2018-01-16 20:30:30,2018-02-03 01:16:34
PDFBOX-4067,Sub-task,Fixed,Resolved,2018-01-17 02:31:15,2018-01-17 04:36:44
PDFBOX-4068,Task,Unresolved,Open,2018-01-17 05:21:29,
PDFBOX-4069,Bug,Unresolved,Open,2018-01-17 22:24:15,
PDFBOX-4070,Sub-task,Fixed,Resolved,2018-01-18 00:47:07,2018-01-18 01:26:00
PDFBOX-4071,Task,Fixed,Closed,2018-01-18 02:34:33,2020-06-19 16:08:20
PDFBOX-4072,Sub-task,Fixed,Resolved,2018-01-18 04:24:14,2018-01-19 04:20:42
PDFBOX-4073,New Feature,Unresolved,Open,2018-01-18 12:23:21,
PDFBOX-4074,Sub-task,Fixed,Resolved,2018-01-19 23:43:20,2018-01-30 00:56:00
PDFBOX-4075,Sub-task,Fixed,Resolved,2018-01-20 22:51:36,2018-01-21 00:27:41
PDFBOX-4076,Bug,Unresolved,Open,2018-01-21 00:44:52,
PDFBOX-4077,Bug,Unresolved,Open,2018-01-23 14:21:15,
PDFBOX-4078,Bug,Won't Fix,Closed,2018-01-24 16:07:37,2018-02-25 02:38:16
PDFBOX-4079,Sub-task,Fixed,Resolved,2018-01-25 01:07:06,2018-01-25 01:09:41
PDFBOX-4080,Improvement,Fixed,Closed,2018-01-25 17:46:11,2019-08-17 21:44:09
PDFBOX-4081,Bug,Duplicate,Closed,2018-01-25 20:56:19,2018-01-27 01:34:19
PDFBOX-4082,Bug,Not A Bug,Closed,2018-01-26 18:17:41,2018-01-27 01:30:06
PDFBOX-4083,Bug,Fixed,Closed,2018-01-27 06:18:32,2018-01-27 06:19:56
PDFBOX-4084,Bug,Fixed,Closed,2018-01-27 12:24:36,2018-03-11 16:57:06
PDFBOX-4085,Bug,Fixed,Closed,2018-01-29 19:52:43,2018-01-30 00:38:59
PDFBOX-4086,Bug,Unresolved,Open,2018-01-30 01:57:25,
PDFBOX-4087,Bug,Not A Bug,Closed,2018-01-30 23:36:32,2018-01-31 05:47:13
PDFBOX-4088,Bug,Fixed,Closed,2018-01-31 03:12:04,2018-01-31 03:31:44
PDFBOX-4089,Sub-task,Fixed,Resolved,2018-01-31 04:18:04,2018-02-04 01:38:08
PDFBOX-4090,Bug,Not A Bug,Closed,2018-01-31 22:23:59,2018-02-01 15:58:46
PDFBOX-4091,Bug,Fixed,Closed,2018-02-01 21:54:11,2018-02-05 00:27:55
PDFBOX-4092,Sub-task,Fixed,Resolved,2018-02-02 01:29:07,2018-02-02 01:45:25
PDFBOX-4093,Bug,Fixed,Closed,2018-02-02 16:53:29,2018-02-08 02:54:28
PDFBOX-4094,Wish,Fixed,Closed,2018-02-02 19:41:21,2018-02-16 17:47:59
PDFBOX-4095,Improvement,Fixed,Closed,2018-02-02 19:50:58,2018-05-25 01:46:00
PDFBOX-4096,Sub-task,Fixed,Resolved,2018-02-04 03:47:01,2018-02-04 04:23:20
PDFBOX-4097,Bug,Fixed,Closed,2018-02-06 15:39:00,2018-04-06 01:48:26
PDFBOX-4098,Task,Fixed,Closed,2018-02-07 01:56:07,2018-02-27 02:39:06
PDFBOX-4099,Improvement,Fixed,Resolved,2018-02-07 03:53:09,2018-02-07 03:55:02
PDFBOX-4100,Bug,Unresolved,Open,2018-02-07 04:14:49,
PDFBOX-4101,Bug,Unresolved,Open,2018-02-07 05:31:11,
PDFBOX-4102,Bug,Cannot Reproduce,Closed,2018-02-09 10:43:25,2018-04-05 00:31:14
PDFBOX-4103,Bug,Fixed,Closed,2018-02-09 21:20:34,2018-02-11 17:44:19
PDFBOX-4104,Bug,Duplicate,Closed,2018-02-12 19:46:40,2018-02-13 00:49:44
PDFBOX-4105,Bug,Fixed,Closed,2018-02-12 20:14:51,2018-02-21 06:29:58
PDFBOX-4106,New Feature,Fixed,Closed,2018-02-12 22:23:39,2018-05-12 00:48:04
PDFBOX-4107,Bug,Fixed,Closed,2018-02-13 04:36:11,2018-02-16 00:32:48
PDFBOX-4108,Bug,Fixed,Closed,2018-02-14 01:22:55,2018-02-14 01:34:12
PDFBOX-4109,Bug,Won't Fix,Closed,2018-02-14 03:18:59,2018-02-27 14:28:44
PDFBOX-4110,Bug,Not A Bug,Closed,2018-02-14 12:03:01,2018-02-15 04:42:14
PDFBOX-4112,Task,Fixed,Resolved,2018-02-17 04:18:26,2018-06-16 00:43:49
PDFBOX-4113,Bug,Fixed,Closed,2018-02-17 22:40:59,2018-02-17 23:40:43
PDFBOX-4114,Bug,Fixed,Closed,2018-02-18 04:47:47,2018-02-20 01:59:53
PDFBOX-4115,Bug,Fixed,Closed,2018-02-18 15:54:48,2018-02-18 20:46:30
PDFBOX-4116,Wish,Won't Do,Closed,2018-02-19 23:27:37,2018-02-21 15:34:29
PDFBOX-4117,New Feature,Fixed,Closed,2018-02-20 01:07:13,2018-02-25 01:01:43
PDFBOX-4118,Sub-task,Fixed,Resolved,2018-02-20 18:33:25,2018-05-09 15:13:34
PDFBOX-4119,Improvement,Fixed,Closed,2018-02-21 16:29:14,2018-02-22 00:41:30
PDFBOX-4120,Improvement,Incomplete,Closed,2018-02-22 01:31:49,2018-11-14 04:41:39
PDFBOX-4121,Improvement,Fixed,Closed,2018-02-22 21:11:39,2018-02-25 17:46:11
PDFBOX-4122,Sub-task,Fixed,Resolved,2018-02-23 00:26:30,2018-03-07 15:25:00
PDFBOX-4123,Bug,Not A Bug,Closed,2018-02-23 11:01:55,2018-02-26 01:46:43
PDFBOX-4124,Sub-task,Fixed,Closed,2018-02-23 20:25:30,2018-03-06 00:46:25
PDFBOX-4125,Bug,Fixed,Closed,2018-02-23 22:46:57,2018-03-05 14:29:51
PDFBOX-4126,Improvement,Won't Do,Closed,2018-02-24 23:35:48,2018-02-25 02:35:02
PDFBOX-4127,Bug,Duplicate,Closed,2018-02-26 22:59:25,2018-02-27 01:30:33
PDFBOX-4128,Bug,Not A Bug,Closed,2018-02-27 03:47:24,2018-02-27 04:29:05
PDFBOX-4129,Bug,Fixed,Closed,2018-02-27 04:57:08,2018-02-27 05:14:42
PDFBOX-4130,Improvement,Duplicate,Closed,2018-02-27 14:10:56,2018-03-05 04:55:40
PDFBOX-4131,Bug,Fixed,Closed,2018-02-27 19:19:09,2018-04-18 15:41:16
PDFBOX-4132,Bug,Unresolved,Open,2018-02-27 19:24:38,
PDFBOX-4133,Bug,Fixed,Closed,2018-02-27 21:13:07,2018-02-27 23:25:34
PDFBOX-4134,Sub-task,Fixed,Resolved,2018-02-28 01:22:47,2018-04-08 00:08:07
PDFBOX-4135,Task,Fixed,Closed,2018-02-28 01:54:33,2018-03-01 04:50:00
PDFBOX-4136,Bug,Not A Bug,Closed,2018-02-28 17:08:01,2018-02-28 17:44:46
PDFBOX-4137,Improvement,Fixed,Closed,2018-03-02 05:05:38,2018-03-09 03:06:28
PDFBOX-4138,Bug,Unresolved,Open,2018-03-03 02:27:40,
PDFBOX-4139,Improvement,Fixed,Closed,2018-03-04 20:30:23,2018-03-05 00:01:24
PDFBOX-4140,Bug,Fixed,Closed,2018-03-05 18:20:50,2018-03-06 01:18:39
PDFBOX-4141,Improvement,Feedback Received,Closed,2018-03-05 22:14:38,2018-03-15 18:10:03
PDFBOX-4142,Improvement,Fixed,Closed,2018-03-06 00:32:41,2018-04-17 01:43:36
PDFBOX-4143,Task,Fixed,Closed,2018-03-07 01:44:46,2018-03-07 01:57:51
PDFBOX-4144,Bug,Incomplete,Closed,2018-03-07 14:37:24,2018-03-10 00:48:51
PDFBOX-4145,Improvement,Unresolved,Open,2018-03-07 15:24:19,
PDFBOX-4146,Bug,Fixed,Closed,2018-03-07 22:51:34,2018-03-13 00:58:49
PDFBOX-4147,Bug,Not A Bug,Closed,2018-03-09 00:13:27,2021-03-02 00:56:22
PDFBOX-4148,Bug,Not A Bug,Closed,2018-03-09 01:37:10,2018-03-09 03:28:05
PDFBOX-4149,Bug,Fixed,Closed,2018-03-11 16:00:15,2019-02-07 00:44:50
PDFBOX-4150,Improvement,Fixed,Closed,2018-03-13 01:02:37,2018-03-13 01:16:30
PDFBOX-4151,Bug,Fixed,Closed,2018-03-13 22:40:41,2018-03-24 20:39:22
PDFBOX-4152,Bug,Unresolved,Open,2018-03-14 01:51:39,
PDFBOX-4153,Bug,Fixed,Closed,2018-03-14 02:47:34,2018-03-16 01:49:35
PDFBOX-4154,Improvement,Won't Do,Closed,2018-03-16 18:08:08,2018-03-17 17:03:17
PDFBOX-4155,Bug,Fixed,Closed,2018-03-18 08:02:31,2019-06-02 01:57:16
PDFBOX-4156,Improvement,Fixed,Closed,2018-03-18 16:13:31,2018-03-24 21:49:59
PDFBOX-4157,Bug,Fixed,Closed,2018-03-19 02:06:42,2019-08-03 01:11:08
PDFBOX-4158,Bug,Fixed,Closed,2018-03-20 00:04:49,2018-04-09 21:36:04
PDFBOX-4159,Improvement,Fixed,Closed,2018-03-20 04:21:17,2018-03-21 22:28:45
PDFBOX-4160,Bug,Duplicate,Closed,2018-03-20 20:24:11,2018-03-21 00:36:03
PDFBOX-4161,Improvement,Fixed,Closed,2018-03-21 02:27:14,2018-03-24 18:30:38
PDFBOX-4162,Bug,Fixed,Closed,2018-03-21 05:51:21,2018-03-21 22:29:25
PDFBOX-4163,Bug,Fixed,Closed,2018-03-21 18:08:51,2018-10-20 19:41:19
PDFBOX-4164,Bug,Fixed,Closed,2018-03-24 01:18:57,2018-03-24 01:22:18
PDFBOX-4165,Improvement,Fixed,Closed,2018-03-25 04:01:58,2018-03-27 01:35:24
PDFBOX-4166,Bug,Invalid,Closed,2018-03-25 17:06:14,2018-03-26 03:05:13
PDFBOX-4167,Bug,Fixed,Closed,2018-03-26 21:47:55,2018-03-28 00:14:51
PDFBOX-4168,Improvement,Fixed,Closed,2018-03-27 06:21:05,2018-03-28 00:38:21
PDFBOX-4169,Bug,Fixed,Closed,2018-03-28 22:38:23,2018-03-29 00:33:07
PDFBOX-4170,Task,Fixed,Closed,2018-03-29 00:09:19,2018-03-29 00:13:40
PDFBOX-4171,Improvement,Fixed,Closed,2018-03-29 00:45:41,2018-03-29 00:51:19
PDFBOX-4172,Bug,Fixed,Closed,2018-03-29 14:39:07,2019-08-03 01:09:46
PDFBOX-4173,Task,Duplicate,Closed,2018-03-29 20:47:07,2018-03-29 22:56:35
PDFBOX-4174,Bug,Not A Bug,Closed,2018-03-31 07:22:49,2018-04-03 00:01:19
PDFBOX-4175,Improvement,Done,Closed,2018-03-31 19:06:39,2018-03-31 19:21:27
PDFBOX-4176,Bug,Fixed,Closed,2018-04-02 17:32:28,2018-04-04 02:32:07
PDFBOX-4177,Bug,Not A Bug,Closed,2018-04-02 17:59:08,2018-04-04 00:52:28
PDFBOX-4178,Bug,Invalid,Closed,2018-04-03 02:51:32,2018-04-03 02:54:55
PDFBOX-4179,Bug,Fixed,Closed,2018-04-03 23:20:03,2018-04-03 23:24:13
PDFBOX-4180,Bug,Fixed,Closed,2018-04-03 23:20:47,2018-04-04 00:06:20
PDFBOX-4181,Bug,Fixed,Closed,2018-04-04 01:27:24,2018-04-04 04:57:58
PDFBOX-4182,Improvement,Unresolved,Open,2018-04-05 23:10:31,
PDFBOX-4183,New Feature,Unresolved,Open,2018-04-06 14:17:40,
PDFBOX-4184,Improvement,Fixed,Closed,2018-04-07 19:14:15,2018-11-28 01:58:01
PDFBOX-4185,Bug,Fixed,Closed,2018-04-07 21:23:32,2018-04-14 23:31:40
PDFBOX-4186,Improvement,Fixed,Closed,2018-04-08 00:09:09,2018-04-08 04:20:53
PDFBOX-4187,Improvement,Fixed,Closed,2018-04-11 00:26:32,2018-04-11 03:32:17
PDFBOX-4188,Improvement,Unresolved,Open,2018-04-12 00:20:56,
PDFBOX-4189,New Feature,Unresolved,Open,2018-04-14 22:21:33,
PDFBOX-4190,Improvement,Unresolved,Open,2018-04-17 00:32:50,
PDFBOX-4191,Bug,Unresolved,Open,2018-04-17 00:52:00,
PDFBOX-4192,Improvement,Fixed,Closed,2018-04-17 13:29:07,2018-04-18 01:27:21
PDFBOX-4193,Bug,Fixed,Closed,2018-04-17 19:40:39,2019-02-07 00:42:11
PDFBOX-4194,Bug,Duplicate,Closed,2018-04-17 19:53:32,2018-04-29 01:56:35
PDFBOX-4195,Bug,Fixed,Closed,2018-04-18 15:57:01,2018-04-23 14:56:39
PDFBOX-4196,Wish,Won't Do,Closed,2018-04-18 22:04:36,2019-02-07 00:47:00
PDFBOX-4197,Bug,Fixed,Closed,2018-04-19 00:31:18,2018-04-20 04:46:28
PDFBOX-4198,Improvement,Fixed,Closed,2018-04-19 02:36:48,2018-04-19 04:06:00
PDFBOX-4199,Bug,Not A Problem,Closed,2018-04-19 20:30:11,2018-04-21 00:25:24
PDFBOX-4200,Bug,Fixed,Closed,2018-04-20 02:10:49,2018-04-24 04:52:33
PDFBOX-4201,Bug,Won't Fix,Closed,2018-04-20 04:44:57,2018-05-18 21:06:03
PDFBOX-4202,Bug,Cannot Reproduce,Closed,2018-04-20 11:21:15,2019-01-04 01:02:11
PDFBOX-4203,Bug,Incomplete,Closed,2018-04-20 11:35:00,2018-04-29 01:49:06
PDFBOX-4204,Bug,Fixed,Closed,2018-04-20 13:56:24,2018-05-18 06:01:41
PDFBOX-4205,Bug,Unresolved,Open,2018-04-20 23:54:12,
PDFBOX-4206,Bug,Not A Bug,Closed,2018-04-23 19:05:03,2018-04-24 18:43:06
PDFBOX-4207,Bug,Fixed,Closed,2018-04-28 13:43:17,2018-04-28 17:04:29
PDFBOX-4208,Improvement,Not A Problem,Closed,2018-05-04 15:15:10,2018-05-04 17:16:57
PDFBOX-4209,Bug,Not A Bug,Closed,2018-05-08 00:49:22,2018-05-08 14:24:06
PDFBOX-4210,Bug,Unresolved,Open,2018-05-08 15:20:48,
PDFBOX-4211,Bug,Fixed,Closed,2018-05-08 22:09:08,2018-05-09 05:04:59
PDFBOX-4212,Improvement,Unresolved,Open,2018-05-09 15:27:24,
PDFBOX-4213,Bug,Unresolved,Open,2018-05-09 22:54:40,
PDFBOX-4214,Bug,Won't Fix,Closed,2018-05-09 23:25:03,2018-06-30 01:09:44
PDFBOX-4215,Wish,Won't Do,Closed,2018-05-10 00:18:22,2018-05-10 01:58:18
PDFBOX-4216,Bug,Unresolved,Reopened,2018-05-10 02:54:05,
PDFBOX-4217,Bug,Unresolved,Open,2018-05-10 15:39:57,
PDFBOX-4218,Bug,Fixed,Closed,2018-05-10 15:46:06,2018-05-10 15:55:41
PDFBOX-4219,Bug,Fixed,Closed,2018-05-11 17:06:11,2018-08-26 17:17:14
PDFBOX-4220,Bug,Unresolved,Open,2018-05-12 00:46:20,
PDFBOX-4221,Bug,Duplicate,Closed,2018-05-15 20:48:54,2018-05-15 21:26:30
PDFBOX-4222,Bug,Fixed,Closed,2018-05-16 21:39:49,2018-05-18 04:32:38
PDFBOX-4223,Bug,Fixed,Closed,2018-05-16 21:50:06,2018-05-18 05:51:16
PDFBOX-4224,Task,Fixed,Closed,2018-05-18 23:10:45,2018-05-18 23:13:14
PDFBOX-4225,Bug,Not A Bug,Closed,2018-05-20 16:23:59,2019-02-06 02:43:05
PDFBOX-4226,Bug,Duplicate,Closed,2018-05-20 16:24:52,2018-05-20 16:27:57
PDFBOX-4227,Bug,Fixed,Closed,2018-05-22 09:19:32,2018-05-26 20:33:22
PDFBOX-4228,Bug,Fixed,Closed,2018-05-23 16:32:50,2018-05-24 01:16:32
PDFBOX-4229,Improvement,Unresolved,Open,2018-05-24 17:22:41,
PDFBOX-4230,Bug,Fixed,Closed,2018-05-24 17:31:13,2018-05-25 01:54:55
PDFBOX-4231,Improvement,Fixed,Closed,2018-05-24 17:46:36,2019-02-21 04:05:32
PDFBOX-4232,Bug,Cannot Reproduce,Closed,2018-05-28 18:24:40,2019-02-06 02:43:35
PDFBOX-4233,Bug,Fixed,Closed,2018-05-30 00:39:55,2019-02-08 21:25:59
PDFBOX-4234,Bug,Invalid,Closed,2018-05-31 00:53:30,2018-07-14 04:20:18
PDFBOX-4235,Bug,Fixed,Closed,2018-05-31 19:55:01,2018-06-01 03:05:12
PDFBOX-4236,Bug,Unresolved,Open,2018-06-04 23:54:20,
PDFBOX-4237,Improvement,Fixed,Resolved,2018-06-05 01:59:22,2018-06-05 02:05:04
PDFBOX-4238,Bug,Not A Bug,Closed,2018-06-05 21:15:21,2018-06-12 14:04:22
PDFBOX-4239,Wish,Duplicate,Closed,2018-06-05 23:44:19,2019-02-06 02:44:49
PDFBOX-4240,Improvement,Unresolved,Open,2018-06-07 03:34:42,
PDFBOX-4241,Bug,Fixed,Closed,2018-06-07 04:22:52,2018-09-24 00:20:58
PDFBOX-4242,Bug,Fixed,Closed,2018-06-08 01:28:14,2018-07-06 01:37:25
PDFBOX-4243,Bug,Won't Fix,Closed,2018-06-09 05:20:52,2018-06-12 00:59:33
PDFBOX-4244,Bug,Not A Bug,Closed,2018-06-12 20:33:26,2018-06-15 00:52:24
PDFBOX-4245,Bug,Fixed,Closed,2018-06-13 16:46:05,2018-08-11 18:26:58
PDFBOX-4246,Bug,Not A Bug,Closed,2018-06-18 20:24:54,2018-06-20 04:16:30
PDFBOX-4247,Bug,Not A Bug,Closed,2018-06-19 18:28:31,2018-06-22 00:26:31
PDFBOX-4248,Bug,Fixed,Closed,2018-06-21 01:17:58,2018-06-21 04:05:59
PDFBOX-4249,Bug,Duplicate,Closed,2018-06-23 04:43:38,2018-06-26 00:27:53
PDFBOX-4250,Bug,Not A Bug,Closed,2018-06-25 04:03:13,2018-06-26 04:51:32
PDFBOX-4251,Improvement,Fixed,Closed,2018-06-26 01:27:01,2018-06-29 14:16:30
PDFBOX-4252,Bug,Unresolved,Open,2018-06-26 11:48:01,
PDFBOX-4253,Improvement,Fixed,Closed,2018-06-27 01:39:58,2018-06-27 01:50:10
PDFBOX-4254,Bug,Fixed,Closed,2018-06-27 04:33:06,2018-06-29 00:17:10
PDFBOX-4255,Bug,Fixed,Closed,2018-06-29 16:10:58,2018-10-23 00:38:31
PDFBOX-4256,Improvement,Fixed,Closed,2018-06-30 02:26:40,2018-07-10 13:46:40
PDFBOX-4257,Bug,Duplicate,Closed,2018-07-02 18:16:35,2019-02-14 02:28:03
PDFBOX-4258,Bug,Duplicate,Closed,2018-07-03 14:20:05,2018-07-03 23:59:05
PDFBOX-4259,Improvement,Fixed,Closed,2018-07-04 00:21:53,2018-07-04 00:56:09
PDFBOX-4260,Improvement,Fixed,Closed,2018-07-05 16:26:35,2018-07-12 03:26:41
PDFBOX-4261,Bug,Fixed,Closed,2018-07-05 19:11:34,2018-07-12 01:51:54
PDFBOX-4262,Bug,Not A Bug,Closed,2018-07-09 23:12:34,2018-07-10 02:52:50
PDFBOX-4263,Improvement,Fixed,Closed,2018-07-10 02:21:16,2018-07-10 02:24:14
PDFBOX-4264,Bug,Not A Problem,Closed,2018-07-10 21:39:48,2018-07-25 22:02:11
PDFBOX-4265,Bug,Not A Bug,Closed,2018-07-13 14:00:56,2018-07-14 00:36:37
PDFBOX-4266,Bug,Fixed,Closed,2018-07-13 19:36:18,2018-07-14 00:30:33
PDFBOX-4267,Bug,Fixed,Closed,2018-07-18 01:04:55,2018-08-19 00:51:03
PDFBOX-4268,Bug,Fixed,Closed,2018-07-20 01:48:53,2018-07-20 02:08:25
PDFBOX-4269,New Feature,Invalid,Closed,2018-07-20 13:18:31,2018-07-20 23:54:57
PDFBOX-4270,Bug,Fixed,Closed,2018-07-21 21:21:51,2020-10-03 23:23:54
PDFBOX-4271,Improvement,Fixed,Closed,2018-07-22 20:29:40,2018-07-25 04:23:32
PDFBOX-4272,Improvement,Fixed,Closed,2018-07-22 20:34:16,2018-09-24 00:37:00
PDFBOX-4273,Improvement,Fixed,Closed,2018-07-22 20:59:38,2018-07-22 21:47:14
PDFBOX-4274,Improvement,Fixed,Closed,2018-07-22 21:07:37,2018-07-22 22:05:41
PDFBOX-4275,Bug,Not A Bug,Closed,2018-07-23 10:18:35,2018-08-03 01:10:21
PDFBOX-4276,Bug,Fixed,Closed,2018-07-25 00:53:12,2018-07-25 01:03:23
PDFBOX-4277,Bug,Cannot Reproduce,Closed,2018-07-25 19:19:13,2018-07-28 21:18:26
PDFBOX-4278,Bug,Fixed,Closed,2018-07-26 00:18:21,2018-07-26 00:27:53
PDFBOX-4279,Bug,Fixed,Closed,2018-07-27 00:17:56,2018-07-27 00:20:35
PDFBOX-4280,Bug,Not A Bug,Closed,2018-07-27 23:39:40,2018-08-04 16:41:53
PDFBOX-4281,Task,Fixed,Closed,2018-07-28 20:14:49,2018-07-28 21:31:23
PDFBOX-4282,Bug,Not A Bug,Closed,2018-07-31 16:17:31,2018-08-06 22:38:58
PDFBOX-4283,Bug,Fixed,Closed,2018-08-02 02:59:01,2018-08-05 01:31:10
PDFBOX-4284,Bug,Not A Bug,Closed,2018-08-02 16:48:09,2018-08-04 02:16:51
PDFBOX-4285,Improvement,Fixed,Closed,2018-08-02 22:06:53,2018-08-08 01:06:06
PDFBOX-4286,Bug,Invalid,Closed,2018-08-03 16:12:10,2018-08-03 17:03:32
PDFBOX-4287,Bug,Invalid,Closed,2018-08-03 20:18:49,2018-08-04 16:26:08
PDFBOX-4288,Bug,Fixed,Closed,2018-08-07 13:50:17,2018-08-08 00:10:31
PDFBOX-4289,Improvement,Fixed,Closed,2018-08-09 06:15:52,2018-08-10 02:31:32
PDFBOX-4290,Bug,Fixed,Closed,2018-08-13 18:46:38,2018-08-19 19:22:44
PDFBOX-4291,Bug,Fixed,Closed,2018-08-14 14:31:44,2018-08-14 16:23:43
PDFBOX-4292,Bug,Fixed,Closed,2018-08-20 16:47:49,2018-08-23 04:29:34
PDFBOX-4293,Bug,Won't Fix,Closed,2018-08-20 17:06:59,2018-08-31 01:10:25
PDFBOX-4294,Bug,Unresolved,Open,2018-08-20 18:20:07,
PDFBOX-4295,Improvement,Fixed,Closed,2018-08-21 00:54:47,2018-08-21 01:21:06
PDFBOX-4296,Improvement,Incomplete,Closed,2018-08-21 17:33:56,2018-08-29 14:59:41
PDFBOX-4297,Improvement,Unresolved,Open,2018-08-22 13:18:49,
PDFBOX-4298,Bug,Fixed,Closed,2018-08-22 20:35:59,2018-09-11 01:40:10
PDFBOX-4299,Bug,Fixed,Closed,2018-08-27 08:38:14,2018-08-28 04:18:51
PDFBOX-4300,Improvement,Unresolved,Open,2018-08-27 18:39:14,
PDFBOX-4301,Bug,Fixed,Closed,2018-08-27 20:12:58,2018-08-27 23:41:41
PDFBOX-4302,Bug,Fixed,Closed,2018-08-28 17:50:14,2018-08-31 01:02:47
PDFBOX-4303,Bug,Fixed,Closed,2018-08-29 21:24:17,2018-12-06 20:54:14
PDFBOX-4304,Bug,Unresolved,Open,2018-08-29 21:52:15,
PDFBOX-4305,Bug,Fixed,Closed,2018-08-30 19:59:43,2018-08-31 02:25:45
PDFBOX-4306,Bug,Fixed,Closed,2018-08-31 17:42:49,2018-09-19 14:08:02
PDFBOX-4307,Bug,Fixed,Closed,2018-08-31 22:47:53,2018-08-31 22:59:04
PDFBOX-4308,Bug,Fixed,Closed,2018-09-03 14:40:29,2018-09-04 03:17:40
PDFBOX-4309,Improvement,Unresolved,Open,2018-09-04 19:35:33,
PDFBOX-4310,Wish,Not A Problem,Closed,2018-09-05 00:20:47,2018-09-22 01:19:25
PDFBOX-4311,Bug,Not A Bug,Closed,2018-09-05 02:44:58,2018-09-05 03:29:20
PDFBOX-4312,Bug,Fixed,Resolved,2018-09-06 15:37:19,2018-11-01 16:11:56
PDFBOX-4313,Bug,Unresolved,Open,2018-09-06 17:15:24,
PDFBOX-4314,Bug,Invalid,Closed,2018-09-07 01:16:13,2018-09-07 02:58:05
PDFBOX-4315,Bug,Fixed,Closed,2018-09-07 16:34:36,2018-09-08 01:06:59
PDFBOX-4316,Bug,Fixed,Closed,2018-09-11 01:31:05,2018-09-11 01:36:54
PDFBOX-4317,Bug,Not A Bug,Closed,2018-09-13 15:14:54,2018-09-28 02:28:27
PDFBOX-4318,Bug,Fixed,Closed,2018-09-16 19:30:13,2018-09-18 00:25:20
PDFBOX-4319,Bug,Fixed,Closed,2018-09-20 17:17:11,2018-09-21 02:33:09
PDFBOX-4320,Bug,Duplicate,Closed,2018-09-21 17:16:50,2018-10-01 23:37:37
PDFBOX-4321,Bug,Fixed,Resolved,2018-09-24 00:24:40,2020-12-30 21:49:03
PDFBOX-4322,Bug,Fixed,Closed,2018-09-24 18:25:51,2018-09-29 00:03:52
PDFBOX-4323,Bug,Not A Bug,Closed,2018-09-25 22:03:17,2018-09-26 12:23:04
PDFBOX-4324,Bug,Not A Bug,Closed,2018-09-26 18:36:14,2018-09-27 12:08:53
PDFBOX-4325,Bug,Unresolved,Open,2018-09-27 14:19:14,
PDFBOX-4326,Bug,Fixed,Closed,2018-09-29 19:43:41,2018-10-06 01:09:02
PDFBOX-4327,Bug,Fixed,Closed,2018-09-30 17:16:05,2018-10-06 01:03:19
PDFBOX-4328,Bug,Duplicate,Closed,2018-09-30 17:26:59,2018-09-30 19:10:38
PDFBOX-4329,Bug,Not A Bug,Closed,2018-10-03 00:12:27,2018-10-03 01:22:53
PDFBOX-4330,Bug,Fixed,Closed,2018-10-03 18:16:24,2018-10-03 20:41:06
PDFBOX-4331,Bug,Fixed,Closed,2018-10-04 00:25:58,2018-10-04 00:38:04
PDFBOX-4332,Bug,Fixed,Resolved,2018-10-07 02:50:06,2018-10-10 01:25:49
PDFBOX-4333,Bug,Fixed,Closed,2018-10-08 00:11:43,2018-10-09 02:44:31
PDFBOX-4334,Bug,Duplicate,Closed,2018-10-08 18:32:42,2018-11-04 18:12:34
PDFBOX-4335,Improvement,Fixed,Closed,2018-10-08 19:28:19,2018-10-09 03:16:26
PDFBOX-4336,Bug,Fixed,Closed,2018-10-09 20:05:28,2018-10-10 03:31:48
PDFBOX-4337,Wish,Won't Do,Closed,2018-10-11 06:29:02,2018-10-11 14:35:24
PDFBOX-4338,Bug,Fixed,Closed,2018-10-12 02:20:43,2018-10-12 02:54:17
PDFBOX-4339,Bug,Fixed,Closed,2018-10-12 02:23:09,2018-10-12 03:05:18
PDFBOX-4340,Task,Fixed,Resolved,2018-10-12 03:14:08,2019-09-10 20:55:03
PDFBOX-4341,Improvement,Fixed,Closed,2018-10-15 01:43:56,2019-10-15 02:14:50
PDFBOX-4342,Wish,Won't Do,Closed,2018-10-16 17:14:26,2018-10-18 00:24:12
PDFBOX-4343,Bug,Fixed,Closed,2018-10-17 00:29:18,2018-10-20 01:27:25
PDFBOX-4344,Improvement,Unresolved,Open,2018-10-17 07:07:44,
PDFBOX-4345,Bug,Fixed,Closed,2018-10-17 16:16:00,2018-10-20 21:08:08
PDFBOX-4346,Bug,Cannot Reproduce,Closed,2018-10-17 21:29:09,2018-10-31 02:09:21
PDFBOX-4347,Bug,Fixed,Closed,2018-10-18 02:59:01,2018-10-22 01:45:53
PDFBOX-4348,Bug,Fixed,Closed,2018-10-18 03:01:10,2018-10-18 04:06:02
PDFBOX-4349,Bug,Fixed,Closed,2018-10-18 03:03:05,2018-10-22 04:20:36
PDFBOX-4350,Bug,Fixed,Closed,2018-10-18 03:05:27,2018-10-21 02:00:01
PDFBOX-4351,Bug,Fixed,Closed,2018-10-18 03:07:11,2018-10-21 19:03:21
PDFBOX-4352,Bug,Fixed,Closed,2018-10-18 03:08:30,2018-10-18 03:57:29
PDFBOX-4353,Bug,Fixed,Closed,2018-10-18 03:10:18,2018-10-21 14:18:38
PDFBOX-4354,Bug,Fixed,Closed,2018-10-18 03:13:23,2018-10-23 00:34:29
PDFBOX-4355,Bug,Fixed,Closed,2018-10-19 06:34:19,2018-10-20 01:49:26
PDFBOX-4356,Bug,Fixed,Closed,2018-10-19 13:46:32,2018-10-19 23:32:25
PDFBOX-4357,Bug,Fixed,Closed,2018-10-21 00:28:41,2018-10-21 01:13:06
PDFBOX-4358,Task,Fixed,Closed,2018-10-24 00:55:27,2018-10-24 00:56:49
PDFBOX-4359,Bug,Fixed,Closed,2018-10-25 03:17:37,2018-10-25 03:33:55
PDFBOX-4360,Bug,Fixed,Closed,2018-10-26 00:54:36,2018-10-27 00:20:58
PDFBOX-4361,Bug,Fixed,Closed,2018-10-26 00:56:21,2018-10-26 01:36:52
PDFBOX-4362,Task,Fixed,Closed,2018-10-26 01:45:24,2018-10-26 02:00:43
PDFBOX-4363,Improvement,Fixed,Closed,2018-10-29 00:00:24,2018-11-04 15:57:55
PDFBOX-4364,Bug,Fixed,Closed,2018-10-30 02:11:16,2018-10-31 02:29:56
PDFBOX-4365,Bug,Fixed,Closed,2018-10-30 17:49:29,2018-10-31 02:28:39
PDFBOX-4366,Bug,Fixed,Closed,2018-11-03 00:13:09,2018-11-03 03:32:53
PDFBOX-4367,Bug,Fixed,Closed,2018-11-03 01:11:22,2018-11-09 02:49:03
PDFBOX-4368,Wish,Implemented,Closed,2018-11-05 00:30:59,2018-11-05 01:19:56
PDFBOX-4369,Bug,Fixed,Closed,2018-11-06 05:04:55,2018-11-24 17:41:19
PDFBOX-4370,Task,Unresolved,Open,2018-11-08 02:37:51,
PDFBOX-4371,Improvement,Fixed,Closed,2018-11-08 15:48:25,2018-11-10 02:58:00
PDFBOX-4372,Bug,Fixed,Closed,2018-11-09 01:18:10,2018-11-09 01:29:28
PDFBOX-4373,Test,Fixed,Closed,2018-11-09 20:31:22,2018-11-14 04:31:43
PDFBOX-4374,Bug,Fixed,Closed,2018-11-10 01:12:55,2018-11-10 14:46:45
PDFBOX-4375,Improvement,Fixed,Closed,2018-11-10 04:19:37,2018-11-12 15:22:06
PDFBOX-4376,Improvement,Implemented,Closed,2018-11-12 18:22:44,2018-11-16 02:32:26
PDFBOX-4377,Bug,Fixed,Closed,2018-11-14 03:31:50,2018-11-14 04:30:30
PDFBOX-4378,Bug,Fixed,Closed,2018-11-14 10:34:19,2018-11-15 15:17:59
PDFBOX-4379,Bug,Not A Bug,Closed,2018-11-15 13:49:02,2018-11-17 21:35:09
PDFBOX-4380,Bug,Duplicate,Closed,2018-11-16 10:40:20,2018-11-17 02:52:16
PDFBOX-4381,Bug,Fixed,Closed,2018-11-17 01:47:33,2018-11-17 02:51:50
PDFBOX-4382,Improvement,Incomplete,Closed,2018-11-20 16:01:08,2018-11-29 04:03:34
PDFBOX-4383,Bug,Fixed,Closed,2018-11-21 16:26:41,2018-11-22 02:25:15
PDFBOX-4384,Bug,Fixed,Closed,2018-11-22 18:55:21,2018-11-28 19:31:14
PDFBOX-4385,Bug,Won't Fix,Closed,2018-11-24 03:45:05,2018-12-08 14:25:17
PDFBOX-4386,Bug,Not A Bug,Closed,2018-11-27 03:08:22,2018-11-28 01:47:26
PDFBOX-4387,Bug,Duplicate,Closed,2018-11-27 03:13:03,2018-11-28 01:46:07
PDFBOX-4388,Task,Fixed,Closed,2018-11-28 00:34:52,2019-02-06 04:06:34
PDFBOX-4389,Bug,Won't Do,Closed,2018-11-29 12:55:00,2018-11-29 17:32:20
PDFBOX-4390,Bug,Fixed,Closed,2018-11-30 00:34:23,2018-11-30 00:38:39
PDFBOX-4391,Bug,Fixed,Closed,2018-12-03 18:46:00,2018-12-04 01:48:30
PDFBOX-4392,Bug,Fixed,Closed,2018-12-03 19:16:33,2018-12-09 21:37:17
PDFBOX-4393,Bug,Fixed,Closed,2018-12-04 18:15:14,2018-12-12 17:12:12
PDFBOX-4394,Improvement,Fixed,Closed,2018-12-05 00:04:01,2018-12-05 00:05:31
PDFBOX-4395,Bug,Fixed,Closed,2018-12-05 03:32:58,2018-12-05 05:19:55
PDFBOX-4396,Bug,Workaround,Closed,2018-12-05 07:24:15,2018-12-07 04:06:51
PDFBOX-4397,Improvement,Fixed,Closed,2018-12-06 00:22:15,2018-12-06 02:49:01
PDFBOX-4398,Bug,Fixed,Closed,2018-12-06 18:35:24,2021-03-10 01:48:49
PDFBOX-4399,Bug,Fixed,Closed,2018-12-06 21:43:44,2019-01-17 03:37:53
PDFBOX-4400,Bug,Fixed,Closed,2018-12-08 00:26:49,2018-12-12 16:32:45
PDFBOX-4401,Task,Fixed,Closed,2018-12-08 01:54:52,2018-12-08 19:53:49
PDFBOX-4402,Bug,Unresolved,Open,2018-12-10 11:05:13,
PDFBOX-4403,Wish,Invalid,Closed,2018-12-12 18:30:45,2018-12-12 18:51:07
PDFBOX-4404,Bug,Fixed,Resolved,2018-12-13 20:45:38,2018-12-13 20:56:56
PDFBOX-4405,Task,Fixed,Resolved,2018-12-15 20:51:47,2019-04-15 14:48:32
PDFBOX-4406,Bug,Fixed,Closed,2018-12-16 15:16:54,2018-12-16 16:49:12
PDFBOX-4407,Bug,Fixed,Closed,2018-12-18 05:02:25,2018-12-21 21:28:33
PDFBOX-4408,Bug,Fixed,Closed,2018-12-18 05:53:58,2018-12-19 16:31:13
PDFBOX-4409,Bug,Won't Do,Closed,2018-12-18 17:12:26,2018-12-18 21:55:09
PDFBOX-4410,Bug,Not A Bug,Closed,2018-12-18 17:38:51,2019-02-06 02:46:05
PDFBOX-4411,Improvement,Fixed,Closed,2018-12-19 02:19:49,2019-02-06 13:17:56
PDFBOX-4412,Bug,Not A Bug,Closed,2018-12-20 23:06:45,2018-12-21 02:43:25
PDFBOX-4413,Improvement,Fixed,Closed,2018-12-21 21:22:54,2019-01-04 00:55:00
PDFBOX-4414,Task,Unresolved,Open,2018-12-28 03:14:37,
PDFBOX-4415,Bug,Fixed,Closed,2018-12-28 03:31:45,2018-12-28 03:45:32
PDFBOX-4416,Bug,Fixed,Closed,2018-12-28 21:16:04,2018-12-30 17:42:21
PDFBOX-4417,Bug,Fixed,Closed,2018-12-28 22:38:08,2018-12-30 17:07:45
PDFBOX-4418,Bug,Fixed,Closed,2019-01-01 15:45:40,2019-01-01 17:46:15
PDFBOX-4419,Bug,Fixed,Closed,2019-01-01 17:45:59,2019-01-01 18:08:19
PDFBOX-4420,Improvement,Fixed,Closed,2019-01-03 00:03:43,2019-01-03 03:23:59
PDFBOX-4421,Bug,Fixed,Closed,2019-01-04 00:54:08,2020-10-08 00:16:00
PDFBOX-4422,Bug,Fixed,Closed,2019-01-04 04:27:33,2019-01-05 02:38:50
PDFBOX-4423,Bug,Fixed,Closed,2019-01-05 19:08:59,2019-01-05 22:16:16
PDFBOX-4424,Bug,Not A Bug,Closed,2019-01-08 04:09:06,2019-01-19 23:22:00
PDFBOX-4425,New Feature,Won't Do,Closed,2019-01-09 14:56:08,2019-01-19 23:19:47
PDFBOX-4426,Bug,Won't Fix,Closed,2019-01-09 18:12:51,2019-01-18 17:17:25
PDFBOX-4427,Bug,Not A Bug,Closed,2019-01-09 20:39:34,2019-01-11 18:18:49
PDFBOX-4428,Bug,Fixed,Closed,2019-01-10 00:00:16,2019-02-05 15:56:47
PDFBOX-4429,Bug,Fixed,Closed,2019-01-10 15:05:26,2019-01-11 05:03:33
PDFBOX-4430,Bug,Fixed,Closed,2019-01-11 02:44:27,2020-10-03 23:07:30
PDFBOX-4431,Bug,Not A Bug,Closed,2019-01-11 03:09:02,2019-01-12 03:18:46
PDFBOX-4432,Bug,Won't Fix,Closed,2019-01-14 15:27:44,2019-02-02 23:03:16
PDFBOX-4433,Task,Invalid,Closed,2019-01-17 20:38:45,2019-01-18 03:05:24
PDFBOX-4434,Improvement,Fixed,Closed,2019-01-18 02:49:31,2019-01-18 02:53:23
PDFBOX-4435,Bug,Fixed,Closed,2019-01-18 19:42:28,2019-01-26 20:02:34
PDFBOX-4436,Bug,Fixed,Closed,2019-01-18 20:25:12,2019-03-08 18:37:00
PDFBOX-4437,Bug,Fixed,Closed,2019-01-19 02:08:39,2019-01-27 17:42:52
PDFBOX-4438,Bug,Not A Bug,Closed,2019-01-21 17:36:47,2019-01-27 13:25:53
PDFBOX-4439,Bug,Not A Bug,Closed,2019-01-21 19:10:40,2019-01-27 13:26:59
PDFBOX-4440,Improvement,Won't Do,Closed,2019-01-22 17:21:37,2019-01-23 14:47:02
PDFBOX-4441,Bug,Cannot Reproduce,Closed,2019-01-22 19:18:00,2019-01-23 14:58:25
PDFBOX-4442,Bug,Won't Fix,Closed,2019-01-24 00:08:22,2019-01-27 13:56:59
PDFBOX-4443,Bug,Cannot Reproduce,Closed,2019-01-24 22:53:48,2019-01-27 13:59:08
PDFBOX-4444,Bug,Fixed,Closed,2019-01-26 17:27:29,2019-01-26 18:41:41
PDFBOX-4445,Bug,Fixed,Closed,2019-01-28 10:40:50,2019-01-29 12:50:39
PDFBOX-4446,Bug,Fixed,Closed,2019-01-29 08:47:39,2019-02-03 15:59:58
PDFBOX-4447,Improvement,Fixed,Resolved,2019-01-30 04:34:58,2019-01-30 04:49:19
PDFBOX-4448,Bug,Not A Bug,Closed,2019-01-30 10:43:56,2019-02-01 00:29:32
PDFBOX-4449,Bug,Fixed,Closed,2019-01-31 00:22:59,2019-02-01 04:10:04
PDFBOX-4450,Bug,Fixed,Closed,2019-01-31 03:08:52,2019-02-03 21:05:51
PDFBOX-4451,Bug,Fixed,Closed,2019-01-31 04:40:07,2019-01-31 16:00:45
PDFBOX-4452,Bug,Fixed,Closed,2019-01-31 04:43:43,2019-01-31 15:37:31
PDFBOX-4453,Bug,Fixed,Closed,2019-02-02 03:26:30,2019-02-02 22:05:34
PDFBOX-4454,New Feature,Duplicate,Closed,2019-02-02 04:49:30,2019-02-03 02:32:26
PDFBOX-4455,Improvement,Fixed,Closed,2019-02-06 15:36:04,2019-02-06 15:39:58
PDFBOX-4456,Bug,Fixed,Closed,2019-02-06 15:46:39,2019-02-07 02:13:05
PDFBOX-4457,Improvement,Fixed,Closed,2019-02-08 18:57:06,2019-02-16 03:48:18
PDFBOX-4458,Improvement,Fixed,Closed,2019-02-08 23:23:35,2019-05-03 13:47:24
PDFBOX-4459,Bug,Fixed,Closed,2019-02-13 02:00:32,2019-02-13 02:10:47
PDFBOX-4460,Sub-task,Fixed,Closed,2019-02-13 02:12:35,2019-02-13 02:19:33
PDFBOX-4461,Bug,Fixed,Closed,2019-02-14 00:53:37,2019-02-14 02:22:18
PDFBOX-4462,Improvement,Fixed,Closed,2019-02-14 02:29:22,2019-02-14 03:51:17
PDFBOX-4463,Improvement,Fixed,Closed,2019-02-14 02:30:29,2019-02-14 02:41:58
PDFBOX-4464,Bug,Duplicate,Closed,2019-02-14 15:06:09,2019-02-15 00:27:36
PDFBOX-4465,Bug,Won't Do,Closed,2019-02-15 17:21:06,2019-02-16 01:24:29
PDFBOX-4466,Bug,Fixed,Closed,2019-02-17 22:49:27,2019-02-17 23:02:37
PDFBOX-4467,Bug,Won't Fix,Closed,2019-02-19 12:06:50,2019-02-19 15:40:34
PDFBOX-4468,Bug,Unresolved,Open,2019-02-20 02:46:39,
PDFBOX-4469,Bug,Not A Bug,Closed,2019-02-20 16:02:40,2019-02-22 12:44:01
PDFBOX-4470,Bug,Fixed,Closed,2019-02-20 22:47:34,2019-02-21 04:02:42
PDFBOX-4471,Bug,Unresolved,Open,2019-02-23 18:22:54,
PDFBOX-4472,Bug,Fixed,Closed,2019-02-26 00:10:21,2019-03-02 20:22:05
PDFBOX-4473,Bug,Fixed,Closed,2019-02-26 02:32:11,2019-02-26 02:37:32
PDFBOX-4474,Bug,Fixed,Closed,2019-02-26 02:48:45,2019-02-26 02:53:57
PDFBOX-4475,Bug,Fixed,Closed,2019-02-27 15:48:44,2019-02-28 00:41:20
PDFBOX-4476,Bug,Fixed,Closed,2019-02-28 13:25:49,2019-02-28 15:46:29
PDFBOX-4477,Bug,Fixed,Closed,2019-03-01 15:27:52,2019-03-02 19:16:47
PDFBOX-4478,Bug,Fixed,Closed,2019-03-01 17:57:34,2019-03-01 20:54:20
PDFBOX-4479,Bug,Fixed,Closed,2019-03-04 23:43:48,2019-03-06 15:53:05
PDFBOX-4480,Bug,Fixed,Closed,2019-03-05 15:56:32,2019-03-17 18:36:50
PDFBOX-4481,Bug,Unresolved,Open,2019-03-06 01:18:17,
PDFBOX-4482,Bug,Unresolved,Open,2019-03-06 09:18:43,
PDFBOX-4483,Bug,Invalid,Closed,2019-03-11 10:50:15,2019-03-11 14:19:36
PDFBOX-4484,Bug,Fixed,Closed,2019-03-12 23:42:25,2019-03-14 01:37:48
PDFBOX-4485,Bug,Fixed,Closed,2019-03-14 01:32:23,2019-03-16 21:32:08
PDFBOX-4486,Bug,Unresolved,Open,2019-03-14 02:35:15,
PDFBOX-4487,Bug,Fixed,Closed,2019-03-14 17:58:32,2019-04-07 20:01:36
PDFBOX-4488,Bug,Fixed,Closed,2019-03-16 20:42:01,2019-03-16 20:53:57
PDFBOX-4489,Bug,Fixed,Closed,2019-03-19 16:47:51,2019-04-09 21:51:32
PDFBOX-4490,Bug,Fixed,Closed,2019-03-19 22:39:43,2019-03-24 21:32:47
PDFBOX-4491,Improvement,Fixed,Closed,2019-03-20 01:11:37,2019-03-26 01:26:33
PDFBOX-4492,Bug,Fixed,Closed,2019-03-22 13:51:17,2019-03-28 02:25:46
PDFBOX-4493,Bug,Fixed,Closed,2019-03-22 18:32:54,2019-03-30 14:36:57
PDFBOX-4494,Bug,Fixed,Closed,2019-03-22 19:12:07,2019-03-24 05:14:51
PDFBOX-4495,Bug,Fixed,Closed,2019-03-26 20:59:07,2019-03-30 03:04:43
PDFBOX-4496,Bug,Fixed,Closed,2019-03-26 23:36:33,2019-03-30 03:54:55
PDFBOX-4497,Bug,Fixed,Closed,2019-03-28 02:26:42,2019-03-28 02:41:15
PDFBOX-4498,Improvement,Unresolved,Open,2019-03-28 21:44:00,
PDFBOX-4499,Bug,Not A Bug,Closed,2019-03-28 22:22:33,2019-03-30 03:07:08
PDFBOX-4500,Bug,Fixed,Closed,2019-03-28 22:53:49,2019-03-30 01:27:42
PDFBOX-4501,Bug,Duplicate,Closed,2019-03-30 01:55:09,2019-03-30 02:35:40
PDFBOX-4502,Improvement,Fixed,Closed,2019-04-01 17:10:34,2019-04-01 23:02:12
PDFBOX-4503,Bug,Fixed,Closed,2019-04-02 21:18:27,2019-04-03 03:35:23
PDFBOX-4504,Bug,Fixed,Closed,2019-04-03 03:57:50,2019-04-03 11:59:05
PDFBOX-4505,Improvement,Fixed,Closed,2019-04-04 01:14:34,2019-04-05 14:13:41
PDFBOX-4506,Bug,Not A Bug,Closed,2019-04-05 18:18:36,2019-04-09 02:11:43
PDFBOX-4507,Bug,Not A Bug,Closed,2019-04-05 23:59:51,2019-04-09 02:12:26
PDFBOX-4508,Improvement,Fixed,Closed,2019-04-06 17:11:31,2019-04-07 16:28:45
PDFBOX-4509,Improvement,Fixed,Closed,2019-04-09 18:13:22,2019-04-09 21:49:28
PDFBOX-4510,Improvement,Fixed,Closed,2019-04-09 18:57:37,2019-04-09 19:03:19
PDFBOX-4511,Improvement,Won't Do,Closed,2019-04-11 02:31:35,2019-04-12 03:21:05
PDFBOX-4512,Improvement,Unresolved,Open,2019-04-12 04:50:04,
PDFBOX-4513,Bug,Fixed,Closed,2019-04-12 14:20:26,2019-06-19 14:55:58
PDFBOX-4514,Bug,Not A Bug,Closed,2019-04-16 14:49:43,2019-04-17 02:15:06
PDFBOX-4515,Wish,Fixed,Closed,2019-04-16 15:41:43,2019-04-19 00:50:57
PDFBOX-4516,Bug,Fixed,Closed,2019-04-17 12:35:24,2020-05-02 18:26:30
PDFBOX-4517,Bug,Fixed,Closed,2019-04-17 17:18:29,2019-05-06 01:41:38
PDFBOX-4518,Bug,Fixed,Closed,2019-04-18 02:16:31,2019-04-28 20:20:30
PDFBOX-4519,Improvement,Fixed,Closed,2019-04-19 03:21:23,2019-04-19 12:06:19
PDFBOX-4520,Bug,Fixed,Closed,2019-04-19 12:55:13,2019-04-19 17:34:09
PDFBOX-4521,Bug,Fixed,Closed,2019-04-20 16:55:01,2019-04-20 20:20:45
PDFBOX-4522,Improvement,Fixed,Closed,2019-04-23 04:21:16,2019-04-23 13:56:06
PDFBOX-4523,Bug,Cannot Reproduce,Closed,2019-04-23 17:32:28,2020-08-22 19:09:07
PDFBOX-4524,Bug,Cannot Reproduce,Closed,2019-04-24 16:47:16,2020-08-22 19:08:55
PDFBOX-4525,Bug,Fixed,Closed,2019-04-24 21:07:59,2019-04-25 00:22:17
PDFBOX-4526,Bug,Fixed,Closed,2019-04-25 12:01:14,2019-04-25 20:18:29
PDFBOX-4527,Bug,Duplicate,Closed,2019-04-27 03:28:49,2019-04-27 03:35:02
PDFBOX-4528,Bug,Not A Bug,Closed,2019-04-27 17:43:18,2019-04-27 18:04:39
PDFBOX-4529,Improvement,Fixed,Closed,2019-04-28 03:38:18,2019-06-07 00:53:37
PDFBOX-4530,Bug,Not A Bug,Closed,2019-04-29 17:11:14,2019-05-01 01:16:53
PDFBOX-4531,Bug,Unresolved,Open,2019-04-30 17:04:58,
PDFBOX-4532,Bug,Unresolved,Open,2019-05-02 20:57:45,
PDFBOX-4533,Improvement,Won't Do,Closed,2019-05-03 14:44:51,2019-05-03 20:51:38
PDFBOX-4534,Bug,Cannot Reproduce,Closed,2019-05-06 23:15:43,2019-05-08 14:48:00
PDFBOX-4535,Bug,Fixed,Closed,2019-05-06 23:27:15,2019-05-07 01:34:53
PDFBOX-4536,Bug,Cannot Reproduce,Closed,2019-05-07 00:06:46,2019-05-08 14:48:51
PDFBOX-4537,Bug,Duplicate,Closed,2019-05-07 00:08:10,2019-05-07 01:41:50
PDFBOX-4538,Improvement,Unresolved,Open,2019-05-09 19:23:34,
PDFBOX-4539,Improvement,Fixed,Closed,2019-05-09 19:31:16,2019-05-09 21:27:35
PDFBOX-4540,Bug,Fixed,Closed,2019-05-09 19:43:59,2019-05-10 16:34:36
PDFBOX-4541,Wish,Unresolved,Open,2019-05-10 16:56:05,
PDFBOX-4542,Improvement,Unresolved,Open,2019-05-10 22:31:06,
PDFBOX-4543,Bug,Fixed,Closed,2019-05-11 00:08:25,2019-05-11 01:52:16
PDFBOX-4544,Improvement,Fixed,Closed,2019-05-13 20:22:03,2019-05-14 00:52:03
PDFBOX-4545,Bug,Unresolved,Open,2019-05-13 22:19:40,
PDFBOX-4546,Bug,Cannot Reproduce,Closed,2019-05-14 18:26:12,2019-05-27 12:08:42
PDFBOX-4547,Bug,Not A Bug,Closed,2019-05-14 20:14:15,2019-05-16 00:43:09
PDFBOX-4548,Improvement,Unresolved,Open,2019-05-14 20:46:25,
PDFBOX-4549,Bug,Fixed,Closed,2019-05-15 23:36:00,2019-05-18 20:21:33
PDFBOX-4550,Bug,Fixed,Closed,2019-05-16 03:42:29,2019-06-19 13:10:08
PDFBOX-4551,Bug,Fixed,Closed,2019-05-23 00:58:49,2019-05-23 01:13:44
PDFBOX-4552,Bug,Duplicate,Closed,2019-05-27 15:52:34,2019-05-28 00:13:42
PDFBOX-4553,Bug,Fixed,Closed,2019-05-27 20:18:00,2019-05-28 01:59:14
PDFBOX-4554,Improvement,Won't Do,Closed,2019-05-28 08:15:57,2019-05-30 22:10:57
PDFBOX-4555,Wish,Won't Do,Closed,2019-05-29 12:56:00,2019-05-29 14:18:56
PDFBOX-4556,Wish,Invalid,Closed,2019-05-30 13:00:48,2019-07-24 12:12:35
PDFBOX-4557,Bug,Duplicate,Closed,2019-05-31 18:21:11,2019-06-08 16:29:31
PDFBOX-4558,Improvement,Information Provided,Closed,2019-06-03 10:46:44,2019-06-03 14:57:52
PDFBOX-4559,Bug,Unresolved,Open,2019-06-05 13:03:34,
PDFBOX-4560,Improvement,Implemented,Closed,2019-06-06 14:57:28,2019-06-07 00:44:49
PDFBOX-4561,Bug,Duplicate,Closed,2019-06-06 20:12:59,2019-06-07 00:44:02
PDFBOX-4562,Improvement,Fixed,Closed,2019-06-08 19:03:25,2019-06-08 19:42:32
PDFBOX-4563,New Feature,Fixed,Closed,2019-06-08 20:12:29,2019-06-18 02:11:22
PDFBOX-4564,Sub-task,Fixed,Closed,2019-06-08 20:23:26,2019-06-17 03:37:07
PDFBOX-4565,Improvement,Workaround,Closed,2019-06-09 17:02:50,2019-06-12 01:05:29
PDFBOX-4566,Improvement,Fixed,Resolved,2019-06-11 00:55:52,2019-06-19 13:21:13
PDFBOX-4567,New Feature,Unresolved,Open,2019-06-11 18:40:51,
PDFBOX-4568,Bug,Fixed,Closed,2019-06-12 00:30:39,2020-06-24 18:20:22
PDFBOX-4569,Improvement,Fixed,Resolved,2019-06-12 01:44:23,2020-01-28 03:00:35
PDFBOX-4570,Improvement,Unresolved,Open,2019-06-12 22:15:51,
PDFBOX-4571,Bug,Fixed,Closed,2019-06-13 02:18:09,2019-06-13 02:21:04
PDFBOX-4572,Improvement,Unresolved,Open,2019-06-13 22:39:03,
PDFBOX-4573,Sub-task,Fixed,Closed,2019-06-16 22:19:02,2019-06-16 22:39:32
PDFBOX-4574,Sub-task,Fixed,Closed,2019-06-16 22:35:06,2019-06-17 03:37:33
PDFBOX-4575,Sub-task,Fixed,Closed,2019-06-17 13:38:07,2019-06-17 13:40:03
PDFBOX-4576,Sub-task,Fixed,Closed,2019-06-17 13:43:22,2019-06-17 13:50:29
PDFBOX-4577,Bug,Cannot Reproduce,Closed,2019-06-17 19:34:14,2019-06-19 01:32:13
PDFBOX-4578,Improvement,Fixed,Closed,2019-06-23 21:19:20,2019-06-23 22:41:09
PDFBOX-4579,Bug,Fixed,Closed,2019-06-25 19:09:35,2019-06-26 23:52:47
PDFBOX-4580,Bug,Fixed,Closed,2019-06-25 21:24:25,2019-06-27 01:33:01
PDFBOX-4581,Bug,Fixed,Closed,2019-06-26 15:01:50,2019-07-13 01:36:50
PDFBOX-4582,Bug,Fixed,Resolved,2019-06-26 23:54:15,2019-06-26 23:55:41
PDFBOX-4583,Bug,Unresolved,Open,2019-06-27 14:24:48,
PDFBOX-4584,Bug,Fixed,Closed,2019-06-27 16:24:03,2019-06-28 02:24:50
PDFBOX-4585,Bug,Fixed,Closed,2019-06-28 03:17:22,2019-06-28 03:18:58
PDFBOX-4586,Bug,Fixed,Closed,2019-06-29 02:41:28,2019-06-29 02:52:47
PDFBOX-4587,Bug,Fixed,Closed,2019-06-29 11:23:13,2019-06-29 11:39:44
PDFBOX-4588,Improvement,Fixed,Resolved,2019-06-30 21:40:52,2019-06-30 22:07:06
PDFBOX-4589,Bug,Fixed,Closed,2019-07-02 14:22:21,2019-07-03 01:09:12
PDFBOX-4590,Bug,Cannot Reproduce,Closed,2019-07-03 15:36:44,2019-07-05 00:54:50
PDFBOX-4591,Bug,Duplicate,Closed,2019-07-03 20:26:36,2019-07-04 00:10:12
PDFBOX-4592,Bug,Fixed,Closed,2019-07-05 00:31:19,2019-07-05 00:49:51
PDFBOX-4593,Bug,Invalid,Closed,2019-07-06 02:04:38,2019-07-13 00:04:22
PDFBOX-4594,Improvement,Fixed,Closed,2019-07-11 01:21:25,2020-06-24 18:05:51
PDFBOX-4595,Bug,Fixed,Closed,2019-07-12 22:41:28,2019-07-13 00:18:52
PDFBOX-4596,Bug,Fixed,Closed,2019-07-14 01:57:43,2019-07-14 20:30:14
PDFBOX-4597,Improvement,Fixed,Closed,2019-07-17 09:31:40,2019-07-26 03:31:28
PDFBOX-4598,Bug,Fixed,Closed,2019-07-17 13:19:31,2019-07-21 15:36:26
PDFBOX-4599,Bug,Not A Bug,Closed,2019-07-17 19:57:46,2019-08-07 00:16:24
PDFBOX-4600,Improvement,Fixed,Closed,2019-07-19 09:01:20,2019-07-19 12:21:56
PDFBOX-4601,Bug,Unresolved,Open,2019-07-19 20:43:54,
PDFBOX-4602,Bug,Not A Problem,Closed,2019-07-22 18:32:08,2019-07-26 01:29:57
PDFBOX-4603,Improvement,Not A Bug,Closed,2019-07-23 03:21:38,2019-09-09 21:48:10
PDFBOX-4604,Bug,Fixed,Closed,2019-07-23 17:16:33,2019-08-03 21:09:09
PDFBOX-4605,Bug,Fixed,Resolved,2019-07-24 00:32:12,2020-11-02 02:22:24
PDFBOX-4606,Wish,Invalid,Closed,2019-07-24 17:29:44,2019-07-25 00:13:27
PDFBOX-4607,Bug,Fixed,Closed,2019-07-25 11:56:36,2019-07-26 01:02:31
PDFBOX-4608,Bug,Fixed,Closed,2019-07-25 12:20:49,2019-07-25 12:23:02
PDFBOX-4609,Wish,Not A Problem,Closed,2019-07-25 14:21:02,2019-09-12 00:35:09
PDFBOX-4610,Bug,Fixed,Closed,2019-07-25 16:14:42,2019-07-27 21:10:41
PDFBOX-4611,Bug,Fixed,Closed,2019-07-26 00:47:31,2019-07-27 17:41:15
PDFBOX-4612,Bug,Not A Bug,Closed,2019-07-27 15:51:55,2019-07-27 19:05:22
PDFBOX-4613,Test,Not A Bug,Closed,2019-07-30 03:17:21,2019-07-31 00:45:47
PDFBOX-4614,Bug,Not A Bug,Closed,2019-07-30 22:08:48,2019-08-07 13:00:34
PDFBOX-4615,Bug,Fixed,Closed,2019-07-31 04:47:05,2019-08-03 12:00:23
PDFBOX-4616,Bug,Cannot Reproduce,Closed,2019-07-31 21:10:53,2019-09-12 00:41:32
PDFBOX-4617,Bug,Fixed,Closed,2019-07-31 22:00:59,2020-11-15 21:19:18
PDFBOX-4618,Improvement,Not A Problem,Closed,2019-08-02 05:37:22,2019-08-03 17:20:52
PDFBOX-4619,Bug,Not A Bug,Closed,2019-08-02 14:56:26,2019-08-08 00:23:45
PDFBOX-4620,Bug,Not A Bug,Closed,2019-08-04 14:22:47,2019-08-04 19:44:30
PDFBOX-4621,Bug,Not A Bug,Closed,2019-08-04 22:25:27,2019-08-10 00:39:22
PDFBOX-4622,Bug,Fixed,Closed,2019-08-06 04:00:16,2019-08-09 00:34:39
PDFBOX-4623,Bug,Fixed,Resolved,2019-08-06 23:36:39,2020-12-31 20:46:37
PDFBOX-4624,Bug,Fixed,Closed,2019-08-06 23:48:43,2019-08-10 01:11:16
PDFBOX-4625,Task,Fixed,Closed,2019-08-08 00:52:04,2019-08-08 02:49:34
PDFBOX-4626,Bug,Fixed,Closed,2019-08-09 04:43:01,2019-08-09 12:39:51
PDFBOX-4627,Bug,Unresolved,Open,2019-08-09 20:03:52,
PDFBOX-4628,Improvement,Unresolved,Open,2019-08-10 02:09:04,
PDFBOX-4629,Bug,Not A Bug,Closed,2019-08-11 05:55:25,2019-08-13 11:39:48
PDFBOX-4630,Bug,Not A Bug,Closed,2019-08-14 18:42:54,2019-08-17 22:16:10
PDFBOX-4631,Bug,Fixed,Closed,2019-08-14 19:58:16,2019-08-20 00:27:10
PDFBOX-4632,Improvement,Fixed,Closed,2019-08-17 23:34:34,2019-08-17 23:37:42
PDFBOX-4633,Improvement,Incomplete,Closed,2019-08-18 18:58:53,2019-09-12 00:35:36
PDFBOX-4634,Bug,Duplicate,Closed,2019-08-19 22:37:06,2019-09-27 01:08:43
PDFBOX-4635,Bug,Not A Bug,Closed,2019-08-23 03:35:15,2019-08-29 00:31:26
PDFBOX-4636,Bug,Fixed,Closed,2019-08-27 00:44:49,2019-08-30 00:50:31
PDFBOX-4637,Improvement,Fixed,Closed,2019-08-27 01:21:26,2019-08-27 01:29:30
PDFBOX-4638,Bug,Fixed,Closed,2019-08-28 01:26:41,2019-08-28 01:48:44
PDFBOX-4639,New Feature,Fixed,Closed,2019-08-28 09:24:24,2019-08-31 18:27:04
PDFBOX-4640,Bug,Cannot Reproduce,Closed,2019-08-30 17:06:42,2019-09-12 00:32:57
PDFBOX-4641,Improvement,Fixed,Closed,2019-09-02 04:11:43,2019-09-04 00:55:05
PDFBOX-4642,Wish,Won't Do,Closed,2019-09-04 16:50:25,2019-09-05 01:34:51
PDFBOX-4643,Bug,Not A Bug,Closed,2019-09-06 04:13:50,2019-09-19 02:51:56
PDFBOX-4644,Bug,Incomplete,Closed,2019-09-06 06:19:23,2019-09-06 11:48:01
PDFBOX-4645,Bug,Not A Bug,Closed,2019-09-06 19:38:29,2019-09-06 22:15:47
PDFBOX-4646,Bug,Fixed,Closed,2019-09-10 04:38:07,2019-09-11 01:08:37
PDFBOX-4647,Bug,Not A Bug,Closed,2019-09-10 16:05:02,2019-09-11 01:21:36
PDFBOX-4648,Improvement,Won't Do,Closed,2019-09-11 14:59:56,2019-09-25 01:11:45
PDFBOX-4649,Bug,Cannot Reproduce,Closed,2019-09-12 02:48:10,2019-09-18 00:26:14
PDFBOX-4650,Bug,Not A Bug,Closed,2019-09-12 14:40:07,2019-09-13 01:21:36
PDFBOX-4651,Bug,Cannot Reproduce,Closed,2019-09-17 15:26:48,2019-09-25 01:12:23
PDFBOX-4652,Improvement,Won't Do,Closed,2019-09-20 17:04:13,2019-09-25 01:10:39
PDFBOX-4653,Improvement,Fixed,Closed,2019-09-21 00:16:50,2019-09-21 00:24:17
PDFBOX-4654,Bug,Fixed,Closed,2019-09-21 02:00:48,2019-09-21 02:20:23
PDFBOX-4655,Bug,Fixed,Closed,2019-09-21 19:08:58,2019-09-21 21:18:44
PDFBOX-4656,New Feature,Fixed,Resolved,2019-09-21 22:48:27,2019-09-22 16:20:24
PDFBOX-4657,Improvement,Fixed,Closed,2019-09-22 23:20:30,2019-09-22 23:26:08
PDFBOX-4658,Bug,Won't Fix,Closed,2019-09-26 11:31:16,2020-07-20 03:03:19
PDFBOX-4659,Bug,Fixed,Closed,2019-09-26 23:48:41,2019-09-28 01:46:06
PDFBOX-4660,Bug,Unresolved,Open,2019-09-27 02:07:26,
PDFBOX-4661,Bug,Fixed,Closed,2019-09-27 19:10:33,2019-10-13 21:58:07
PDFBOX-4662,Bug,Fixed,Closed,2019-10-03 01:16:31,2019-10-03 14:39:28
PDFBOX-4663,Bug,Unresolved,Open,2019-10-04 04:33:49,
PDFBOX-4664,Bug,Unresolved,Open,2019-10-05 03:01:15,
PDFBOX-4665,Bug,Fixed,Closed,2019-10-08 16:54:09,2019-10-09 00:14:40
PDFBOX-4666,Bug,Fixed,Closed,2019-10-10 04:28:07,2019-12-07 20:04:05
PDFBOX-4667,Bug,Fixed,Closed,2019-10-10 22:02:09,2019-10-15 11:18:33
PDFBOX-4668,Task,Unresolved,Open,2019-10-11 02:13:41,
PDFBOX-4669,Sub-task,Unresolved,Open,2019-10-13 02:28:08,
PDFBOX-4670,Bug,Fixed,Resolved,2019-10-13 02:35:09,2019-10-15 02:01:35
PDFBOX-4671,Bug,Unresolved,Open,2019-10-14 16:16:22,
PDFBOX-4672,Bug,Fixed,Closed,2019-10-22 16:43:13,2019-10-24 11:16:20
PDFBOX-4673,Improvement,Won't Do,Closed,2019-10-23 03:34:31,2019-10-24 02:07:58
PDFBOX-4674,Bug,Fixed,Closed,2019-10-25 07:11:05,2019-11-02 19:52:19
PDFBOX-4675,Improvement,Fixed,Resolved,2019-10-26 10:39:00,2019-10-26 10:55:16
PDFBOX-4676,Bug,Duplicate,Closed,2019-10-30 11:28:47,2019-10-30 12:55:00
PDFBOX-4677,Bug,Duplicate,Closed,2019-10-30 11:32:04,2019-10-30 11:34:04
PDFBOX-4678,Bug,Fixed,Closed,2019-11-05 13:44:44,2019-11-06 01:51:58
PDFBOX-4679,Wish,Invalid,Closed,2019-11-05 16:47:53,2019-11-06 03:12:41
PDFBOX-4680,Improvement,Fixed,Resolved,2019-11-09 20:27:26,2019-11-10 00:18:40
PDFBOX-4681,Wish,Unresolved,Open,2019-11-10 03:21:40,
PDFBOX-4682,New Feature,Fixed,Closed,2019-11-12 11:31:07,2019-11-12 13:00:39
PDFBOX-4683,Bug,Fixed,Closed,2019-11-12 17:38:34,2019-11-30 22:05:46
PDFBOX-4684,Bug,Not A Bug,Closed,2019-11-13 01:09:46,2019-11-14 18:16:53
PDFBOX-4685,Improvement,Fixed,Closed,2019-11-13 02:20:10,2019-11-20 03:01:17
PDFBOX-4686,Improvement,Fixed,Closed,2019-11-13 02:23:56,2019-12-01 17:40:25
PDFBOX-4687,Bug,Fixed,Closed,2019-11-13 21:58:25,2019-11-14 02:47:59
PDFBOX-4688,Bug,Fixed,Closed,2019-11-13 22:28:43,2019-11-14 01:06:01
PDFBOX-4689,Improvement,Fixed,Closed,2019-11-14 12:23:08,2019-12-01 21:50:10
PDFBOX-4690,Bug,Unresolved,Open,2019-11-16 08:04:15,
PDFBOX-4691,Improvement,Fixed,Closed,2019-11-16 17:19:09,2019-11-17 18:56:27
PDFBOX-4692,Improvement,Unresolved,Open,2019-11-17 11:03:45,
PDFBOX-4693,Bug,Fixed,Closed,2019-11-20 22:31:02,2019-11-23 12:43:22
PDFBOX-4694,Improvement,Fixed,Closed,2019-11-21 23:29:33,2019-11-24 22:42:30
PDFBOX-4695,Improvement,Fixed,Closed,2019-11-22 03:45:13,2019-12-01 17:38:07
PDFBOX-4696,Bug,Fixed,Closed,2019-11-24 16:57:33,2019-11-24 18:36:03
PDFBOX-4697,Improvement,Won't Do,Closed,2019-11-24 23:25:10,2019-12-09 00:50:57
PDFBOX-4698,Bug,Not A Bug,Closed,2019-11-28 20:22:10,2019-12-08 14:51:59
PDFBOX-4699,Wish,Fixed,Closed,2019-11-29 11:47:16,2019-11-29 11:51:05
PDFBOX-4700,Bug,Invalid,Closed,2019-11-29 12:03:15,2019-11-30 18:08:25
PDFBOX-4701,Bug,Fixed,Closed,2019-12-01 17:11:46,2019-12-01 17:18:41
PDFBOX-4702,Improvement,Unresolved,Open,2019-12-01 23:14:00,
PDFBOX-4703,Sub-task,Fixed,Closed,2019-12-03 02:57:16,2019-12-03 03:03:35
PDFBOX-4704,Bug,Unresolved,Open,2019-12-03 21:57:48,
PDFBOX-4705,Bug,Not A Bug,Closed,2019-12-11 17:44:34,2019-12-13 01:20:48
PDFBOX-4706,Bug,Fixed,Closed,2019-12-12 02:45:09,2019-12-15 16:53:40
PDFBOX-4707,Bug,Unresolved,Open,2019-12-12 15:17:49,
PDFBOX-4708,Task,Fixed,Closed,2019-12-13 02:02:41,2019-12-13 02:04:02
PDFBOX-4709,Bug,Unresolved,Reopened,2019-12-13 10:09:40,
PDFBOX-4710,Improvement,Fixed,Closed,2019-12-13 10:33:02,2019-12-13 13:00:35
PDFBOX-4711,Bug,Fixed,Closed,2019-12-14 03:05:42,2019-12-14 03:30:47
PDFBOX-4712,Bug,Fixed,Closed,2019-12-15 18:29:48,2019-12-15 19:00:23
PDFBOX-4713,Bug,Fixed,Closed,2019-12-15 19:30:04,2019-12-15 19:31:04
PDFBOX-4714,Bug,Not A Bug,Closed,2019-12-16 10:35:28,2019-12-30 13:04:38
PDFBOX-4715,Task,Fixed,Closed,2019-12-16 23:49:12,2019-12-18 01:24:09
PDFBOX-4716,Bug,Fixed,Closed,2019-12-18 05:01:10,2019-12-18 14:53:48
PDFBOX-4717,Bug,Unresolved,Open,2019-12-18 20:08:22,
PDFBOX-4718,Bug,Unresolved,Open,2019-12-18 22:58:40,
PDFBOX-4719,Bug,Duplicate,Closed,2019-12-20 14:07:49,2019-12-21 19:09:11
PDFBOX-4720,Bug,Fixed,Closed,2019-12-21 03:52:32,2019-12-25 19:17:01
PDFBOX-4721,New Feature,Fixed,Closed,2019-12-23 01:43:06,2020-01-01 16:54:27
PDFBOX-4722,Bug,Fixed,Closed,2019-12-25 20:15:05,2019-12-25 20:26:31
PDFBOX-4723,Sub-task,Fixed,Resolved,2019-12-26 20:58:29,2020-11-04 01:01:30
PDFBOX-4724,Bug,Fixed,Closed,2019-12-27 18:27:00,2019-12-27 19:48:09
PDFBOX-4725,Bug,Unresolved,Open,2019-12-31 03:54:37,
PDFBOX-4726,Improvement,Unresolved,Open,2019-12-31 08:25:05,
PDFBOX-4727,Bug,Fixed,Closed,2020-01-01 23:03:50,2020-01-01 23:10:56
PDFBOX-4728,Bug,Unresolved,Open,2020-01-02 19:42:05,
PDFBOX-4729,Bug,Fixed,Closed,2020-01-03 17:04:18,2020-06-24 18:12:10
PDFBOX-4730,Bug,Fixed,Closed,2020-01-04 04:03:29,2020-01-04 23:24:42
PDFBOX-4731,Sub-task,Fixed,Closed,2020-01-06 03:51:10,2020-01-11 19:39:13
PDFBOX-4732,Sub-task,Fixed,Closed,2020-01-06 03:51:11,2020-01-11 19:39:42
PDFBOX-4733,Bug,Not A Bug,Closed,2020-01-06 15:09:09,2020-01-11 22:58:01
PDFBOX-4734,Improvement,Fixed,Closed,2020-01-08 04:05:45,2020-01-08 04:10:39
PDFBOX-4735,Improvement,Fixed,Closed,2020-01-08 04:12:43,2020-01-08 04:13:32
PDFBOX-4736,Bug,Invalid,Closed,2020-01-08 15:46:56,2020-01-09 15:17:57
PDFBOX-4737,Improvement,Unresolved,Open,2020-01-10 01:42:27,
PDFBOX-4738,Bug,Fixed,Closed,2020-01-10 03:26:43,2020-02-01 20:32:05
PDFBOX-4739,Bug,Unresolved,Reopened,2020-01-12 23:46:24,
PDFBOX-4740,Bug,Unresolved,Open,2020-01-15 22:22:41,
PDFBOX-4741,Bug,Fixed,Closed,2020-01-16 22:46:24,2020-01-17 02:39:36
PDFBOX-4742,Bug,Fixed,Closed,2020-01-17 17:23:35,2020-02-02 02:38:37
PDFBOX-4743,Improvement,Unresolved,Open,2020-01-17 18:36:33,
PDFBOX-4744,Bug,Unresolved,Open,2020-01-17 22:38:50,
PDFBOX-4745,Bug,Fixed,Closed,2020-01-19 23:28:23,2020-01-19 23:38:53
PDFBOX-4746,Bug,Unresolved,Open,2020-01-20 19:22:34,
PDFBOX-4747,Bug,Not A Bug,Closed,2020-01-21 15:49:35,2020-01-22 12:35:44
PDFBOX-4748,Bug,Not A Bug,Closed,2020-01-21 17:08:44,2020-01-22 12:35:01
PDFBOX-4749,Bug,Fixed,Resolved,2020-01-21 17:50:52,2020-11-04 00:24:25
PDFBOX-4750,Bug,Fixed,Closed,2020-01-23 17:10:54,2020-01-26 18:48:45
PDFBOX-4751,Bug,Cannot Reproduce,Closed,2020-01-25 10:21:25,2020-05-21 18:38:08
PDFBOX-4752,Improvement,Fixed,Resolved,2020-01-29 01:09:56,2020-01-29 01:27:10
PDFBOX-4753,Bug,Fixed,Closed,2020-01-29 20:38:00,2020-01-30 00:26:59
PDFBOX-4754,Bug,Invalid,Closed,2020-01-29 20:41:30,2020-01-29 20:45:36
PDFBOX-4755,Bug,Fixed,Closed,2020-01-30 00:34:11,2020-01-30 01:47:44
PDFBOX-4756,Bug,Fixed,Closed,2020-01-30 22:51:21,2020-02-09 05:08:56
PDFBOX-4757,Task,Fixed,Closed,2020-01-31 02:39:10,2020-01-31 03:58:10
PDFBOX-4758,Bug,Not A Bug,Closed,2020-01-31 04:19:54,2020-02-06 04:34:59
PDFBOX-4759,Task,Fixed,Closed,2020-02-01 13:04:56,2020-02-01 13:32:05
PDFBOX-4760,Bug,Fixed,Closed,2020-02-03 06:40:52,2020-02-06 01:02:02
PDFBOX-4761,Bug,Fixed,Closed,2020-02-03 14:32:11,2020-10-27 02:46:50
PDFBOX-4762,Improvement,Fixed,Closed,2020-02-04 17:09:04,2020-02-06 01:07:57
PDFBOX-4763,Bug,Fixed,Closed,2020-02-04 19:52:57,2020-02-06 03:02:39
PDFBOX-4764,Bug,Not A Bug,Closed,2020-02-05 12:28:21,2020-02-12 02:17:20
PDFBOX-4765,Bug,Fixed,Closed,2020-02-06 00:06:35,2020-02-06 00:09:52
PDFBOX-4766,Improvement,Fixed,Closed,2020-02-06 00:20:03,2020-02-06 01:58:11
PDFBOX-4767,Improvement,Fixed,Resolved,2020-02-06 00:32:30,2020-02-06 11:56:58
PDFBOX-4768,Bug,Not A Bug,Closed,2020-02-07 18:11:04,2020-02-08 17:18:35
PDFBOX-4769,Bug,Not A Bug,Closed,2020-02-12 00:09:41,2020-02-13 11:10:50
PDFBOX-4770,Bug,Not A Bug,Closed,2020-02-12 03:25:23,2020-02-12 12:26:57
PDFBOX-4771,Bug,Fixed,Closed,2020-02-12 12:08:30,2020-02-13 03:55:07
PDFBOX-4772,Bug,Fixed,Closed,2020-02-13 11:47:32,2020-02-14 02:16:43
PDFBOX-4773,Improvement,Unresolved,Open,2020-02-13 21:37:43,
PDFBOX-4774,Improvement,Unresolved,Open,2020-02-14 04:26:05,
PDFBOX-4775,Bug,Invalid,Closed,2020-02-14 05:55:13,2020-03-14 20:42:11
PDFBOX-4776,Bug,Cannot Reproduce,Closed,2020-02-14 23:23:11,2020-03-06 16:50:52
PDFBOX-4777,Bug,Fixed,Closed,2020-02-16 19:01:51,2020-02-16 19:11:04
PDFBOX-4778,Bug,Fixed,Closed,2020-02-16 22:57:46,2020-02-16 23:26:48
PDFBOX-4779,Improvement,Fixed,Closed,2020-02-18 18:53:19,2020-02-20 03:59:50
PDFBOX-4780,Bug,Won't Fix,Closed,2020-02-19 19:31:35,2020-03-06 16:55:09
PDFBOX-4781,Bug,Won't Fix,Closed,2020-02-20 17:58:27,2020-03-24 22:55:00
PDFBOX-4782,Bug,Invalid,Closed,2020-02-20 20:32:27,2020-02-21 01:48:48
PDFBOX-4783,Bug,Fixed,Closed,2020-02-22 04:14:50,2020-02-22 04:19:50
PDFBOX-4784,Improvement,Fixed,Closed,2020-02-25 15:10:24,2020-05-23 19:59:22
PDFBOX-4785,Bug,Unresolved,Open,2020-02-26 10:13:02,
PDFBOX-4786,Bug,Unresolved,Open,2020-02-26 16:52:17,
PDFBOX-4787,Bug,Cannot Reproduce,Closed,2020-02-27 21:22:14,2020-04-04 16:44:11
PDFBOX-4788,Bug,Fixed,Closed,2020-02-27 22:38:51,2020-02-28 18:06:01
PDFBOX-4789,Bug,Won't Fix,Closed,2020-02-28 16:52:57,2020-03-09 23:10:28
PDFBOX-4790,Bug,Not A Bug,Closed,2020-03-01 20:13:29,2020-03-06 16:47:08
PDFBOX-4791,Bug,Duplicate,Closed,2020-03-01 20:13:52,2020-03-01 22:15:59
PDFBOX-4792,Bug,Duplicate,Closed,2020-03-01 20:14:56,2020-03-01 22:15:41
PDFBOX-4793,Bug,Fixed,Closed,2020-03-04 17:37:01,2020-03-06 02:25:49
PDFBOX-4794,Bug,Fixed,Closed,2020-03-06 04:41:26,2020-03-06 04:51:03
PDFBOX-4795,Bug,Not A Bug,Closed,2020-03-07 05:02:21,2020-03-21 21:30:55
PDFBOX-4796,Bug,Not A Bug,Closed,2020-03-09 02:38:07,2020-04-04 16:40:33
PDFBOX-4797,Bug,Not A Bug,Closed,2020-03-10 20:48:23,2020-03-11 03:22:22
PDFBOX-4798,Bug,Duplicate,Closed,2020-03-17 16:50:40,2020-06-10 02:06:43
PDFBOX-4799,Bug,Fixed,Closed,2020-03-19 00:50:05,2020-03-19 03:41:55
PDFBOX-4800,Bug,Fixed,Closed,2020-03-19 21:39:37,2020-03-21 21:00:33
PDFBOX-4801,Bug,Fixed,Closed,2020-03-20 05:10:01,2020-03-20 19:57:44
PDFBOX-4802,Bug,Cannot Reproduce,Closed,2020-03-23 23:32:53,2020-03-27 14:26:49
PDFBOX-4803,Bug,Fixed,Resolved,2020-03-28 08:42:22,2020-04-01 14:21:41
PDFBOX-4804,Improvement,Fixed,Closed,2020-03-29 19:59:50,2020-03-29 20:38:12
PDFBOX-4805,Bug,Fixed,Closed,2020-03-31 18:15:09,2020-03-31 18:20:01
PDFBOX-4806,Bug,Not A Bug,Closed,2020-04-03 04:59:09,2020-04-04 16:36:42
PDFBOX-4807,Bug,Fixed,Closed,2020-04-08 22:03:49,2020-04-09 00:18:53
PDFBOX-4808,Bug,Not A Bug,Closed,2020-04-08 23:27:26,2020-04-09 04:23:20
PDFBOX-4809,Bug,Cannot Reproduce,Closed,2020-04-09 05:45:54,2020-05-01 00:49:26
PDFBOX-4810,Improvement,Fixed,Closed,2020-04-10 19:21:29,2020-04-10 19:53:11
PDFBOX-4811,Bug,Fixed,Closed,2020-04-14 04:07:43,2020-04-14 12:41:25
PDFBOX-4812,Bug,Not A Bug,Closed,2020-04-14 20:28:55,2020-04-16 18:59:37
PDFBOX-4813,Task,Fixed,Closed,2020-04-15 00:48:36,2020-04-15 01:58:17
PDFBOX-4814,Bug,Fixed,Closed,2020-04-16 18:58:12,2020-04-16 23:03:26
PDFBOX-4815,Bug,Duplicate,Closed,2020-04-18 03:00:58,2020-04-19 20:49:30
PDFBOX-4816,Wish,Invalid,Closed,2020-04-18 13:55:32,2020-05-02 21:38:24
PDFBOX-4817,Bug,Fixed,Closed,2020-04-20 16:39:46,2020-05-15 01:55:05
PDFBOX-4818,Improvement,Unresolved,Open,2020-04-21 11:55:15,
PDFBOX-4819,Bug,Fixed,Closed,2020-04-26 17:55:35,2020-04-26 18:27:48
PDFBOX-4820,Bug,Duplicate,Closed,2020-04-28 03:55:15,2020-04-28 13:38:22
PDFBOX-4821,Bug,Fixed,Closed,2020-04-29 22:20:35,2020-05-02 18:11:53
PDFBOX-4822,Bug,Fixed,Closed,2020-05-01 01:50:17,2020-05-29 02:03:07
PDFBOX-4823,Bug,Not A Bug,Closed,2020-05-07 17:59:24,2020-05-09 15:57:28
PDFBOX-4824,Bug,Fixed,Closed,2020-05-08 21:29:24,2020-05-13 01:24:05
PDFBOX-4825,Bug,Fixed,Closed,2020-05-09 02:08:28,2020-05-17 14:41:56
PDFBOX-4826,Bug,Unresolved,Open,2020-05-09 04:37:38,
PDFBOX-4827,Improvement,Invalid,Closed,2020-05-11 10:38:39,2020-05-12 01:18:12
PDFBOX-4828,Bug,Fixed,Closed,2020-05-11 12:25:00,2020-05-14 01:43:04
PDFBOX-4829,Bug,Not A Bug,Closed,2020-05-11 15:19:22,2020-05-17 19:32:14
PDFBOX-4830,Bug,Unresolved,Open,2020-05-12 17:17:33,
PDFBOX-4831,Bug,Unresolved,Open,2020-05-12 17:54:15,
PDFBOX-4832,Bug,Unresolved,Open,2020-05-12 19:36:29,
PDFBOX-4833,Bug,Fixed,Closed,2020-05-14 10:25:49,2020-05-14 14:49:39
PDFBOX-4834,Bug,Unresolved,Open,2020-05-14 18:39:53,
PDFBOX-4835,Bug,Unresolved,Open,2020-05-15 16:40:48,
PDFBOX-4836,Improvement,Fixed,Resolved,2020-05-17 18:49:21,2020-11-30 02:02:44
PDFBOX-4837,Improvement,Fixed,Resolved,2020-05-17 20:00:14,2020-08-19 14:32:00
PDFBOX-4838,Improvement,Fixed,Resolved,2020-05-17 20:53:58,2020-05-17 21:05:19
PDFBOX-4839,Bug,Fixed,Resolved,2020-05-20 14:40:23,2020-05-21 23:12:01
PDFBOX-4840,Bug,Unresolved,Open,2020-05-20 19:49:14,
PDFBOX-4841,Bug,Invalid,Closed,2020-05-21 16:17:58,2020-05-21 16:26:13
PDFBOX-4842,Improvement,Fixed,Resolved,2020-05-23 20:02:59,2020-05-23 20:06:04
PDFBOX-4843,Improvement,Later,Closed,2020-05-24 17:00:56,2020-05-26 12:47:40
PDFBOX-4844,Improvement,Fixed,Closed,2020-05-24 17:30:56,2020-05-24 18:07:49
PDFBOX-4845,Improvement,Fixed,Resolved,2020-05-25 01:21:20,2020-08-26 14:30:14
PDFBOX-4846,Bug,Duplicate,Closed,2020-05-25 21:39:36,2020-05-26 02:05:28
PDFBOX-4847,New Feature,Fixed,Closed,2020-05-26 22:12:22,2020-09-06 00:08:35
PDFBOX-4848,Improvement,Unresolved,Open,2020-05-27 00:35:50,
PDFBOX-4849,Bug,Fixed,Closed,2020-05-29 01:45:05,2020-05-29 02:00:45
PDFBOX-4850,Bug,Fixed,Closed,2020-05-29 16:09:08,2020-06-10 02:21:55
PDFBOX-4851,Bug,Fixed,Closed,2020-05-29 16:53:43,2020-05-30 18:11:04
PDFBOX-4852,Bug,Won't Fix,Closed,2020-05-29 20:04:20,2020-05-30 02:24:03
PDFBOX-4853,Improvement,Fixed,Closed,2020-05-31 02:00:09,2020-06-01 07:03:11
PDFBOX-4854,Test,Fixed,Closed,2020-06-01 17:13:45,2020-06-01 17:42:53
PDFBOX-4855,Improvement,Fixed,Resolved,2020-06-01 20:09:18,2020-12-07 15:11:27
PDFBOX-4856,Bug,Cannot Reproduce,Closed,2020-06-03 08:43:50,2020-06-10 14:40:16
PDFBOX-4857,Bug,Won't Fix,Closed,2020-06-03 14:51:36,2020-06-06 16:30:43
PDFBOX-4858,Bug,Duplicate,Closed,2020-06-03 16:11:31,2020-06-04 13:49:21
PDFBOX-4859,Bug,Not A Bug,Closed,2020-06-03 16:15:08,2020-06-05 15:09:10
PDFBOX-4860,Bug,Fixed,Closed,2020-06-04 02:47:56,2020-06-05 22:58:52
PDFBOX-4861,Bug,Fixed,Resolved,2020-06-05 17:22:24,2020-10-05 01:13:55
PDFBOX-4862,Improvement,Won't Fix,Closed,2020-06-08 17:52:15,2020-06-12 01:08:16
PDFBOX-4863,Bug,Fixed,Closed,2020-06-09 03:33:17,2020-06-20 18:51:45
PDFBOX-4864,Bug,Invalid,Closed,2020-06-09 11:59:00,2020-06-11 15:26:36
PDFBOX-4865,Bug,Won't Fix,Closed,2020-06-09 13:30:24,2020-06-11 10:52:25
PDFBOX-4866,Bug,Fixed,Closed,2020-06-09 16:07:24,2020-08-05 03:22:44
PDFBOX-4867,Bug,Duplicate,Closed,2020-06-09 16:09:33,2020-06-09 23:56:53
PDFBOX-4868,Bug,Won't Fix,Closed,2020-06-09 16:11:15,2020-06-10 14:38:09
PDFBOX-4869,Improvement,Fixed,Closed,2020-06-09 16:49:22,2020-06-28 16:06:24
PDFBOX-4870,Bug,Won't Fix,Closed,2020-06-10 07:38:41,2020-06-11 12:41:23
PDFBOX-4871,Bug,Fixed,Closed,2020-06-10 07:56:20,2020-07-10 15:10:38
PDFBOX-4872,Bug,Fixed,Closed,2020-06-10 08:08:40,2020-07-10 15:03:32
PDFBOX-4873,Bug,Cannot Reproduce,Closed,2020-06-10 08:18:01,2020-06-10 14:45:16
PDFBOX-4874,Bug,Invalid,Closed,2020-06-10 09:01:52,2020-06-12 13:58:45
PDFBOX-4875,Improvement,Fixed,Closed,2020-06-10 14:40:15,2020-06-28 15:57:25
PDFBOX-4876,Bug,Cannot Reproduce,Closed,2020-06-11 07:09:05,2020-06-11 12:42:55
PDFBOX-4877,Improvement,Fixed,Closed,2020-06-11 14:40:27,2020-06-28 20:54:07
PDFBOX-4878,Bug,Fixed,Closed,2020-06-12 21:58:53,2020-07-10 15:01:19
PDFBOX-4879,Bug,Fixed,Closed,2020-06-13 18:19:42,2020-06-15 12:57:02
PDFBOX-4880,Bug,Fixed,Closed,2020-06-14 15:54:17,2020-06-14 16:40:35
PDFBOX-4881,Wish,Won't Do,Closed,2020-06-14 16:07:57,2020-06-19 16:38:03
PDFBOX-4882,Bug,Fixed,Closed,2020-06-14 17:57:49,2020-06-28 15:56:57
PDFBOX-4883,Bug,Fixed,Resolved,2020-06-14 18:18:48,2020-07-01 22:30:02
PDFBOX-4884,New Feature,Unresolved,Open,2020-06-15 17:03:26,
PDFBOX-4885,Improvement,Fixed,Resolved,2020-06-15 17:19:01,2020-06-20 00:17:27
PDFBOX-4886,Bug,Duplicate,Closed,2020-06-15 21:39:25,2020-06-17 14:40:04
PDFBOX-4887,Bug,Fixed,Closed,2020-06-16 12:26:29,2020-06-17 02:58:17
PDFBOX-4888,Bug,Unresolved,Open,2020-06-16 18:32:32,
PDFBOX-4889,Bug,Fixed,Closed,2020-06-16 19:53:44,2020-06-18 01:08:59
PDFBOX-4890,Bug,Fixed,Closed,2020-06-17 00:26:23,2020-06-21 18:27:07
PDFBOX-4891,Bug,Fixed,Closed,2020-06-17 01:03:29,2020-06-17 14:38:02
PDFBOX-4892,Improvement,Unresolved,Open,2020-06-19 16:07:10,
PDFBOX-4893,Bug,Fixed,Resolved,2020-06-19 17:19:38,2020-10-21 14:35:04
PDFBOX-4894,Bug,Fixed,Closed,2020-06-20 05:56:14,2020-06-24 14:02:15
PDFBOX-4895,Improvement,Fixed,Closed,2020-06-21 19:37:32,2020-10-29 04:41:59
PDFBOX-4896,Improvement,Fixed,Closed,2020-06-23 14:29:33,2020-07-11 05:22:02
PDFBOX-4897,Bug,Fixed,Closed,2020-06-24 17:36:02,2020-06-27 19:41:35
PDFBOX-4898,Bug,Fixed,Resolved,2020-06-25 00:28:18,2020-06-25 00:30:24
PDFBOX-4899,Bug,Cannot Reproduce,Closed,2020-06-26 17:56:38,2020-07-02 01:33:44
PDFBOX-4900,Bug,Fixed,Closed,2020-06-27 01:34:43,2020-07-12 15:57:56
PDFBOX-4901,Bug,Not A Bug,Closed,2020-06-28 15:17:30,2020-06-28 15:54:46
PDFBOX-4902,Bug,Fixed,Closed,2020-06-29 19:02:31,2020-06-30 10:56:50
PDFBOX-4903,Bug,Not A Bug,Closed,2020-06-30 12:26:21,2020-07-14 01:54:45
PDFBOX-4904,Bug,Not A Bug,Closed,2020-06-30 23:25:50,2020-07-01 18:20:38
PDFBOX-4905,Bug,Unresolved,Open,2020-07-01 02:27:21,
PDFBOX-4906,Bug,Fixed,Closed,2020-07-01 04:17:13,2020-07-02 03:26:00
PDFBOX-4907,Bug,Fixed,Closed,2020-07-01 22:28:04,2020-07-08 02:22:15
PDFBOX-4908,Bug,Unresolved,Open,2020-07-05 01:59:29,
PDFBOX-4909,Improvement,Fixed,Closed,2020-07-06 21:25:07,2020-07-25 19:06:08
PDFBOX-4910,Bug,Fixed,Resolved,2020-07-08 12:03:29,2020-07-08 15:11:47
PDFBOX-4911,Bug,Fixed,Resolved,2020-07-08 12:16:10,2020-07-08 15:11:39
PDFBOX-4912,Improvement,Not A Bug,Closed,2020-07-09 10:21:42,2020-07-16 12:01:46
PDFBOX-4913,Bug,Fixed,Closed,2020-07-10 15:28:28,2020-07-10 15:32:54
PDFBOX-4914,Bug,Unresolved,Open,2020-07-10 22:48:37,
PDFBOX-4915,Bug,Fixed,Closed,2020-07-14 20:23:18,2020-07-16 14:01:38
PDFBOX-4916,Improvement,Fixed,Resolved,2020-07-15 15:46:21,2020-07-22 14:07:20
PDFBOX-4917,Bug,Duplicate,Closed,2020-07-17 03:45:23,2020-07-17 11:06:56
PDFBOX-4918,Bug,Duplicate,Closed,2020-07-18 08:01:43,2020-07-18 12:19:12
PDFBOX-4919,Improvement,Unresolved,Open,2020-07-18 15:59:51,
PDFBOX-4920,Bug,Fixed,Closed,2020-07-22 02:04:16,2020-07-23 01:13:28
PDFBOX-4921,Bug,Unresolved,Open,2020-07-22 17:56:13,
PDFBOX-4922,Bug,Fixed,Resolved,2020-07-24 22:23:17,2020-10-05 01:14:44
PDFBOX-4923,Bug,Fixed,Closed,2020-07-25 21:18:46,2020-07-26 23:10:08
PDFBOX-4924,Bug,Fixed,Resolved,2020-07-26 22:59:29,2020-07-26 23:00:57
PDFBOX-4925,Bug,Unresolved,Open,2020-07-27 19:44:10,
PDFBOX-4926,Wish,Cannot Reproduce,Closed,2020-07-28 13:36:35,2020-08-03 14:49:52
PDFBOX-4927,Bug,Fixed,Closed,2020-07-30 02:26:20,2020-07-31 14:18:23
PDFBOX-4928,Wish,Fixed,Closed,2020-07-30 17:20:03,2020-12-10 18:08:39
PDFBOX-4929,Bug,Duplicate,Closed,2020-08-03 15:28:16,2020-08-03 18:22:16
PDFBOX-4930,Bug,Fixed,Closed,2020-08-04 04:47:10,2020-08-21 14:46:09
PDFBOX-4931,Bug,Unresolved,Open,2020-08-05 22:56:26,
PDFBOX-4932,Task,Fixed,Resolved,2020-08-07 02:28:06,2020-08-07 02:36:57
PDFBOX-4933,Task,Fixed,Closed,2020-08-12 01:12:38,2020-08-12 01:21:59
PDFBOX-4934,Bug,Fixed,Closed,2020-08-12 13:08:57,2020-08-19 02:36:55
PDFBOX-4935,Bug,Not A Bug,Closed,2020-08-13 20:09:52,2020-08-26 01:19:01
PDFBOX-4936,Bug,Not A Bug,Closed,2020-08-14 02:41:39,2020-08-21 19:38:40
PDFBOX-4938,Bug,Cannot Reproduce,Closed,2020-08-20 05:25:41,2020-08-27 01:25:47
PDFBOX-4939,Task,Fixed,Closed,2020-08-20 23:14:35,2020-08-21 01:09:44
PDFBOX-4940,Task,Fixed,Closed,2020-08-24 00:14:09,2020-08-24 01:17:58
PDFBOX-4941,Bug,Fixed,Closed,2020-08-25 01:04:40,2020-08-25 01:08:04
PDFBOX-4942,Bug,Duplicate,Closed,2020-08-26 02:05:10,2020-08-27 14:20:41
PDFBOX-4943,Bug,Not A Bug,Closed,2020-08-28 21:00:50,2020-09-25 12:18:49
PDFBOX-4944,Bug,Fixed,Closed,2020-08-29 16:31:08,2020-09-17 11:41:09
PDFBOX-4945,Improvement,Fixed,Resolved,2020-08-30 20:57:45,2020-08-30 21:03:28
PDFBOX-4946,Bug,Fixed,Closed,2020-09-01 06:48:39,2020-09-03 11:40:21
PDFBOX-4947,Bug,Fixed,Closed,2020-09-01 22:06:53,2020-09-02 02:50:46
PDFBOX-4948,Improvement,Fixed,Closed,2020-09-02 01:12:56,2020-09-02 01:18:47
PDFBOX-4949,Bug,Fixed,Closed,2020-09-02 01:33:52,2020-09-02 01:55:09
PDFBOX-4950,Bug,Not A Problem,Closed,2020-09-02 22:17:20,2020-09-03 03:56:38
PDFBOX-4951,Bug,Unresolved,Open,2020-09-03 22:12:05,
PDFBOX-4952,New Feature,Unresolved,Open,2020-09-04 22:47:20,
PDFBOX-4953,Bug,Cannot Reproduce,Closed,2020-09-05 03:49:51,2020-09-27 17:24:40
PDFBOX-4954,Improvement,Fixed,Resolved,2020-09-06 00:41:51,2020-09-07 19:07:02
PDFBOX-4955,Bug,Fixed,Closed,2020-09-11 19:02:23,2020-09-12 18:22:08
PDFBOX-4956,Bug,Fixed,Closed,2020-09-11 22:05:19,2020-11-03 05:39:58
PDFBOX-4957,New Feature,Won't Do,Closed,2020-09-12 00:04:53,2020-09-12 14:39:37
PDFBOX-4958,Bug,Fixed,Closed,2020-09-13 17:57:16,2020-09-30 18:33:19
PDFBOX-4959,Bug,Fixed,Closed,2020-09-14 23:33:50,2020-09-23 01:06:01
PDFBOX-4960,Bug,Cannot Reproduce,Closed,2020-09-16 04:52:59,2020-09-25 12:24:27
PDFBOX-4961,Bug,Won't Fix,Closed,2020-09-21 17:18:36,2020-09-25 12:21:03
PDFBOX-4962,Bug,Unresolved,Open,2020-09-23 14:56:21,
PDFBOX-4963,Bug,Unresolved,Open,2020-09-24 16:32:41,
PDFBOX-4964,Bug,Fixed,Closed,2020-09-24 18:46:48,2020-09-25 14:22:58
PDFBOX-4965,Bug,Unresolved,Open,2020-09-24 22:41:40,
PDFBOX-4966,Bug,Not A Bug,Closed,2020-09-25 19:37:11,2020-09-26 01:15:49
PDFBOX-4967,Bug,Not A Bug,Closed,2020-09-25 20:02:34,2020-09-26 01:18:06
PDFBOX-4968,Bug,Not A Bug,Closed,2020-09-25 21:24:26,2020-09-26 01:17:25
PDFBOX-4969,Bug,Fixed,Closed,2020-09-25 22:16:12,2020-09-27 16:42:47
PDFBOX-4970,Improvement,Unresolved,Open,2020-09-25 22:59:39,
PDFBOX-4971,Improvement,Fixed,Closed,2020-09-25 23:14:38,2020-09-27 21:31:52
PDFBOX-4972,Bug,Not A Bug,Closed,2020-09-29 17:49:35,2020-10-24 21:51:16
PDFBOX-4973,Bug,Not A Problem,Closed,2020-09-29 19:55:25,2021-01-01 21:44:40
PDFBOX-4974,New Feature,Unresolved,Open,2020-09-30 16:55:53,
PDFBOX-4975,Wish,Unresolved,Open,2020-10-01 18:20:47,
PDFBOX-4976,Improvement,Unresolved,Open,2020-10-02 07:07:03,
PDFBOX-4977,Improvement,Fixed,Closed,2020-10-04 23:55:03,2020-10-05 01:11:54
PDFBOX-4978,Bug,Unresolved,Open,2020-10-05 21:49:33,
PDFBOX-4979,Bug,Not A Problem,Closed,2020-10-06 03:02:07,2020-10-06 23:31:12
PDFBOX-4980,Bug,Fixed,Closed,2020-10-06 20:46:55,2020-12-09 15:11:25
PDFBOX-4981,Improvement,Unresolved,Open,2020-10-07 01:45:42,
PDFBOX-4982,Improvement,Fixed,Resolved,2020-10-07 15:01:48,2020-10-07 15:18:29
PDFBOX-4983,Bug,Not A Bug,Closed,2020-10-07 16:41:26,2020-10-08 10:50:27
PDFBOX-4984,Bug,Fixed,Closed,2020-10-08 22:55:40,2020-10-27 02:46:01
PDFBOX-4985,Improvement,Fixed,Closed,2020-10-10 16:55:23,2020-10-31 03:35:12
PDFBOX-4986,Bug,Not A Bug,Closed,2020-10-12 09:56:01,2020-10-14 01:35:07
PDFBOX-4987,Improvement,Fixed,Resolved,2020-10-13 16:58:26,2020-12-07 15:06:12
PDFBOX-4988,Bug,Fixed,Closed,2020-10-16 02:16:15,2020-10-18 15:45:25
PDFBOX-4989,Wish,Won't Do,Closed,2020-10-17 15:32:22,2020-10-17 16:27:06
PDFBOX-4990,Improvement,Fixed,Closed,2020-10-17 21:14:23,2020-10-19 17:38:31
PDFBOX-4991,Improvement,Fixed,Closed,2020-10-17 21:29:05,2020-10-18 01:31:47
PDFBOX-4992,Bug,Not A Bug,Closed,2020-10-17 23:02:42,2020-10-19 19:16:08
PDFBOX-4993,Improvement,Fixed,Closed,2020-10-19 13:30:18,2020-10-19 20:14:55
PDFBOX-4994,Improvement,Unresolved,Open,2020-10-19 17:16:47,
PDFBOX-4995,Bug,Duplicate,Closed,2020-10-20 03:27:49,2020-10-20 23:10:33
PDFBOX-4996,Bug,Not A Bug,Closed,2020-10-20 08:56:03,2020-10-31 19:15:14
PDFBOX-4997,Bug,Fixed,Closed,2020-10-20 21:15:49,2020-10-21 01:59:00
PDFBOX-4998,Improvement,Fixed,Resolved,2020-10-23 14:19:50,2020-10-23 21:51:56
PDFBOX-4999,Bug,Fixed,Closed,2020-10-23 23:30:32,2020-12-04 15:23:06
PDFBOX-5000,Improvement,Fixed,Closed,2020-10-25 01:08:57,2020-10-25 01:36:20
PDFBOX-5001,Improvement,Fixed,Resolved,2020-10-26 00:01:16,2020-10-26 00:43:09
PDFBOX-5002,Bug,Fixed,Closed,2020-10-26 23:25:18,2020-11-08 14:13:30
PDFBOX-5003,Improvement,Unresolved,Open,2020-10-27 16:05:00,
PDFBOX-5004,Improvement,Fixed,Closed,2020-10-28 02:09:25,2020-10-30 02:38:13
PDFBOX-5005,Bug,Fixed,Closed,2020-10-29 20:35:15,2020-10-30 03:24:05
PDFBOX-5006,Bug,Not A Problem,Closed,2020-10-29 22:56:11,2020-10-30 02:08:02
