File,Release Number,LOC,LOC touched,Number of Revisions,Fix Count,Authors,LOC added,Max LOC added,Average LOC added,Churn,Max Churn,Average Churn,Change Set Size,Max Change Set Size,Average Change Set Size,Release Length,Weighted Release Length,Actual
prism/src/main/java/org/apache/falcon/resource/AbstractInstanceManager.java,1,294,0,0,0,0,0,0,0,0,0,0,0,0,0,1602,5.44898,TRUE
rerun/src/main/java/org/apache/falcon/rerun/queue/ActiveMQueue.java,1,154,0,0,0,0,0,0,0,0,0,0,0,0,0,1602,10.402597,TRUE
replication/src/main/java/org/apache/falcon/replication/FeedReplicator.java,1,156,0,0,0,0,0,0,0,0,0,0,0,0,0,1602,10.269231,TRUE
prism/src/test/java/org/apache/falcon/service/FalconTopicSubscriberTest.java,1,115,0,0,0,0,0,0,0,0,0,0,0,0,0,1602,13.930435,TRUE
common/src/main/java/org/apache/falcon/entity/EntityUtil.java,1,600,0,0,0,0,0,0,0,0,0,0,0,0,0,1602,2.67,TRUE
common/src/main/java/org/apache/falcon/entity/v0/EntityGraph.java,1,234,0,0,0,0,0,0,0,0,0,0,0,0,0,1602,6.846154,TRUE
common/src/test/java/org/apache/falcon/entity/v0/EntityGraphTest.java,1,283,0,0,0,0,0,0,0,0,0,0,0,0,0,1602,5.660777,TRUE
messaging/src/test/java/org/apache/falcon/messaging/FalconTopicProducerTest.java,1,167,0,0,0,0,0,0,0,0,0,0,0,0,0,1602,9.592814,TRUE
hadoop-webapp/src/main/java/org/apache/falcon/listener/HadoopStartupListener.java,1,79,0,0,0,0,0,0,0,0,0,0,0,0,0,1602,20.278481,TRUE
oozie/src/main/java/org/apache/falcon/service/SharedLibraryHostingService.java,1,151,0,0,0,0,0,0,0,0,0,0,0,0,0,1602,10.609272,TRUE
common/src/test/java/org/apache/falcon/entity/parser/ClusterEntityParserTest.java,1,121,0,0,0,0,0,0,0,0,0,0,0,0,0,1602,13.239669,TRUE
common/src/main/java/org/apache/falcon/util/ApplicationProperties.java,1,138,0,0,0,0,0,0,0,0,0,0,0,0,0,1602,11.608696,TRUE
common/src/main/java/org/apache/falcon/entity/parser/EntityParser.java,1,111,0,0,0,0,0,0,0,0,0,0,0,0,0,1602,14.432432,TRUE
common/src/main/java/org/apache/falcon/entity/v0/EntityIntegrityChecker.java,1,65,0,0,0,0,0,0,0,0,0,0,0,0,0,1602,24.646154,TRUE
metrics/src/main/java/org/apache/falcon/aspect/GenericAlert.java,1,117,0,0,0,0,0,0,0,0,0,0,0,0,0,1602,13.692308,TRUE
common/src/main/java/org/apache/falcon/entity/ColoClusterRelation.java,1,84,0,0,0,0,0,0,0,0,0,0,0,0,0,1602,19.071429,TRUE
client/src/main/java/org/apache/falcon/entity/v0/SchemaHelper.java,1,58,0,0,0,0,0,0,0,0,0,0,0,0,0,1602,27.62069,TRUE
webapp/src/test/java/org/apache/falcon/cli/FalconCLIIT.java,1,603,0,0,0,0,0,0,0,0,0,0,0,0,0,1602,2.656716,TRUE
rerun/src/main/java/org/apache/falcon/rerun/queue/InMemoryQueue.java,1,147,0,0,0,0,0,0,0,0,0,0,0,0,0,1602,10.897959,TRUE
common/src/test/java/org/apache/falcon/cleanup/LogCleanupServiceTest.java,1,137,0,0,0,0,0,0,0,0,0,0,0,0,0,1602,11.693431,TRUE
process/src/main/java/org/apache/falcon/converter/OozieProcessMapper.java,1,456,0,0,0,0,0,0,0,0,0,0,0,0,0,1602,3.513158,TRUE
common/src/test/java/org/apache/falcon/entity/store/ConfigurationStoreTest.java,1,85,0,0,0,0,0,0,0,0,0,0,0,0,0,1602,18.847059,TRUE
prism/src/main/java/org/apache/falcon/resource/admin/AdminResource.java,1,129,0,0,0,0,0,0,0,0,0,0,0,0,0,1602,12.418605,TRUE
feed/src/main/java/org/apache/falcon/workflow/OozieFeedWorkflowBuilder.java,1,91,0,0,0,0,0,0,0,0,0,0,0,0,0,1602,17.604396,TRUE
client/src/main/java/org/apache/falcon/resource/InstancesResult.java,1,203,0,0,0,0,0,0,0,0,0,0,0,0,0,1602,7.891626,TRUE
client/src/main/java/org/apache/falcon/client/FalconClient.java,1,692,0,0,0,0,0,0,0,0,0,0,0,0,0,1602,2.315029,TRUE
rerun/src/main/java/org/apache/falcon/rerun/handler/LateRerunHandler.java,1,227,0,0,0,0,0,0,0,0,0,0,0,0,0,1602,7.057269,TRUE
oozie/src/main/java/org/apache/falcon/converter/AbstractOozieEntityMapper.java,1,339,0,0,0,0,0,0,0,0,0,0,0,0,0,1602,4.725664,TRUE
oozie-el-extensions/src/test/java/org/apache/oozie/extensions/TestOozieELExtensions.java,1,278,0,0,0,0,0,0,0,0,0,0,0,0,0,1602,5.76259,TRUE
webapp/src/test/java/org/apache/falcon/resource/EntityManagerJerseyIT.java,1,626,44,1,1,1,26,26,26,8,8,8,3,3,8,1602,2.559105,TRUE
common/src/test/java/org/apache/falcon/entity/parser/FeedEntityParserTest.java,1,447,0,0,0,0,0,0,0,0,0,0,0,0,0,1602,3.583893,TRUE
process/src/test/java/org/apache/falcon/converter/OozieProcessMapperTest.java,1,288,0,0,0,0,0,0,0,0,0,0,0,0,0,1602,5.5625,TRUE
common/src/main/java/org/apache/falcon/entity/parser/CrossEntityValidations.java,1,149,0,0,0,0,0,0,0,0,0,0,0,0,0,1602,10.751678,TRUE
client/src/main/java/org/apache/falcon/client/FalconCLIException.java,1,71,0,0,0,0,0,0,0,0,0,0,0,0,0,1602,22.56338,TRUE
oozie/src/main/java/org/apache/falcon/workflow/engine/OozieHouseKeepingService.java,1,85,0,0,0,0,0,0,0,0,0,0,0,0,0,1602,18.847059,TRUE
process/src/main/java/org/apache/falcon/workflow/OozieProcessWorkflowBuilder.java,1,151,0,0,0,0,0,0,0,0,0,0,0,0,0,1602,10.609272,TRUE
retention/src/test/java/org/apache/falcon/retention/FeedEvictorTest.java,1,407,0,0,0,0,0,0,0,0,0,0,0,0,0,1602,3.936118,TRUE
prism/src/main/java/org/apache/falcon/resource/provider/JAXBContextResolver.java,1,66,0,0,0,0,0,0,0,0,0,0,0,0,0,1602,24.272727,TRUE
common/src/main/java/org/apache/falcon/update/UpdateHelper.java,1,157,0,0,0,0,0,0,0,0,0,0,0,0,0,1602,10.203822,TRUE
common/src/main/java/org/apache/falcon/entity/store/ConfigurationStore.java,1,365,0,0,0,0,0,0,0,0,0,0,0,0,0,1602,4.389041,TRUE
prism/src/main/java/org/apache/falcon/service/FalconTopicSubscriber.java,1,193,0,0,0,0,0,0,0,0,0,0,0,0,0,1602,8.300518,TRUE
prism/src/main/java/org/apache/falcon/resource/channel/HTTPChannel.java,1,197,0,0,0,0,0,0,0,0,0,0,0,0,0,1602,8.13198,TRUE
common/src/main/java/org/apache/falcon/workflow/engine/AbstractWorkflowEngine.java,1,84,0,0,0,0,0,0,0,0,0,0,0,0,0,1602,19.071429,TRUE
common/src/main/java/org/apache/falcon/service/ConfigurationChangeListener.java,1,34,0,0,0,0,0,0,0,0,0,0,0,0,0,1602,47.117647,TRUE
prism/src/main/java/org/apache/falcon/resource/proxy/InstanceManagerProxy.java,1,274,0,0,0,0,0,0,0,0,0,0,0,0,0,1602,5.846715,TRUE
oozie/src/main/java/org/apache/falcon/workflow/OozieWorkflowBuilder.java,1,78,0,0,0,0,0,0,0,0,0,0,0,0,0,1602,20.538462,TRUE
webapp/src/main/java/org/apache/falcon/resource/SchedulableEntityManager.java,1,110,0,0,0,0,0,0,0,0,0,0,0,0,0,1602,14.563636,TRUE
replication/src/main/java/org/apache/falcon/replication/FilteredCopyListing.java,1,174,0,0,0,0,0,0,0,0,0,0,0,0,0,1602,9.206897,TRUE
common/src/main/java/org/apache/falcon/group/FeedGroupMap.java,1,121,0,0,0,0,0,0,0,0,0,0,0,0,0,1602,13.239669,TRUE
webapp/src/test/java/org/apache/falcon/resource/ProcessInstanceManagerIT.java,1,154,0,0,0,0,0,0,0,0,0,0,0,0,0,1602,10.402597,TRUE
retention/src/main/java/org/apache/falcon/retention/FeedEvictor.java,1,302,0,0,0,0,0,0,0,0,0,0,0,0,0,1602,5.304636,TRUE
messaging/src/test/java/org/apache/falcon/messaging/ProcessProducerTest.java,1,149,0,0,0,0,0,0,0,0,0,0,0,0,0,1602,10.751678,TRUE
common/src/test/java/org/apache/falcon/entity/parser/ProcessEntityParserTest.java,1,286,0,0,0,0,0,0,0,0,0,0,0,0,0,1602,5.601399,TRUE
common/src/main/java/org/apache/falcon/entity/parser/FeedEntityParser.java,1,283,0,0,0,0,0,0,0,0,0,0,0,0,0,1602,5.660777,TRUE
messaging/src/test/java/org/apache/falcon/messaging/FeedProducerTest.java,1,206,0,0,0,0,0,0,0,0,0,0,0,0,0,1602,7.776699,TRUE
oozie/src/main/java/org/apache/falcon/workflow/engine/OozieWorkflowEngine.java,1,1259,27,1,1,1,14,14,14,1,1,1,3,3,1,1602,1.272438,TRUE
test-util/src/main/java/org/apache/falcon/cluster/util/EmbeddedCluster.java,1,181,0,0,0,0,0,0,0,0,0,0,0,0,0,1602,8.850829,TRUE
prism/src/main/java/org/apache/falcon/resource/proxy/SchedulableEntityManagerProxy.java,1,446,0,0,0,0,0,0,0,0,0,0,0,0,0,1602,3.591928,TRUE
webapp/src/main/java/org/apache/falcon/Debug.java,1,108,0,0,0,0,0,0,0,0,0,0,0,0,0,1602,14.833333,TRUE
common/src/main/java/org/apache/falcon/entity/parser/ClusterEntityParser.java,1,60,0,0,0,0,0,0,0,0,0,0,0,0,0,1602,26.7,TRUE
common/src/test/java/org/apache/falcon/update/UpdateHelperTest.java,1,153,0,0,0,0,0,0,0,0,0,0,0,0,0,1602,10.470588,TRUE
rerun/src/main/java/org/apache/falcon/rerun/service/LateRunService.java,1,71,0,0,0,0,0,0,0,0,0,0,0,0,0,1602,22.56338,TRUE
client/src/main/java/org/apache/falcon/cli/FalconCLI.java,1,599,0,0,0,0,0,0,0,0,0,0,0,0,0,1602,2.674457,TRUE
oozie-el-extensions/src/main/java/org/apache/oozie/extensions/OozieELExtensions.java,1,386,0,0,0,0,0,0,0,0,0,0,0,0,0,1602,4.150259,TRUE
replication/src/test/java/org/apache/falcon/replication/FeedReplicatorTest.java,1,52,0,0,0,0,0,0,0,0,0,0,0,0,0,1602,30.807692,TRUE
webapp/src/main/java/org/apache/falcon/Main.java,1,58,6,1,1,1,3,3,3,0,0,0,1,1,0,1602,27.62069,TRUE
webapp/src/test/java/org/apache/falcon/resource/TestContext.java,1,560,4,1,1,1,4,4,4,4,4,4,3,3,4,1602,2.860714,TRUE
webapp/src/test/java/org/apache/falcon/logging/LogMoverIT.java,1,173,0,0,0,0,0,0,0,0,0,0,0,0,0,1602,9.260116,TRUE
prism/src/main/java/org/apache/falcon/resource/AbstractEntityManager.java,1,480,0,0,0,0,0,0,0,0,0,0,0,0,0,1602,3.3375,TRUE
oozie/src/main/java/org/apache/falcon/logging/LogMover.java,1,225,0,0,0,0,0,0,0,0,0,0,0,0,0,1602,7.12,TRUE
prism/src/main/java/org/apache/falcon/resource/AbstractSchedulableEntityManager.java,1,158,0,0,0,0,0,0,0,0,0,0,0,0,0,1602,10.139241,TRUE
webapp/src/main/java/org/apache/falcon/resource/InstanceManager.java,1,130,0,0,0,0,0,0,0,0,0,0,0,0,0,1602,12.323077,TRUE
prism/src/main/java/org/apache/falcon/resource/AbstractInstanceManager.java,2,294,0,0,0,0,0,0,0,0,0,0,0,0,0,172427,586.486395,TRUE
rerun/src/main/java/org/apache/falcon/rerun/queue/ActiveMQueue.java,2,154,0,0,0,0,0,0,0,0,0,0,0,0,0,172427,1119.655844,TRUE
replication/src/main/java/org/apache/falcon/replication/FeedReplicator.java,2,156,0,0,0,0,0,0,0,0,0,0,0,0,0,172427,1105.301282,TRUE
prism/src/test/java/org/apache/falcon/service/FalconTopicSubscriberTest.java,2,115,0,0,0,0,0,0,0,0,0,0,0,0,0,172427,1499.365217,TRUE
common/src/main/java/org/apache/falcon/entity/EntityUtil.java,2,600,0,0,0,0,0,0,0,0,0,0,0,0,0,172427,287.378333,TRUE
common/src/main/java/org/apache/falcon/entity/v0/EntityGraph.java,2,234,0,0,0,0,0,0,0,0,0,0,0,0,0,172427,736.867521,TRUE
common/src/test/java/org/apache/falcon/entity/v0/EntityGraphTest.java,2,283,0,0,0,0,0,0,0,0,0,0,0,0,0,172427,609.282686,TRUE
messaging/src/test/java/org/apache/falcon/messaging/FalconTopicProducerTest.java,2,167,0,0,0,0,0,0,0,0,0,0,0,0,0,172427,1032.497006,TRUE
hadoop-webapp/src/main/java/org/apache/falcon/listener/HadoopStartupListener.java,2,79,0,0,0,0,0,0,0,0,0,0,0,0,0,172427,2182.620253,TRUE
oozie/src/main/java/org/apache/falcon/service/SharedLibraryHostingService.java,2,151,0,0,0,0,0,0,0,0,0,0,0,0,0,172427,1141.900662,TRUE
common/src/test/java/org/apache/falcon/entity/parser/ClusterEntityParserTest.java,2,121,0,0,0,0,0,0,0,0,0,0,0,0,0,172427,1425.016529,TRUE
common/src/main/java/org/apache/falcon/util/ApplicationProperties.java,2,138,125,2,1,2,73,72,36.5,21,21,10.5,3,2,10.5,172427,1249.471014,TRUE
common/src/main/java/org/apache/falcon/entity/parser/EntityParser.java,2,111,0,0,0,0,0,0,0,0,0,0,0,0,0,172427,1553.396396,TRUE
common/src/main/java/org/apache/falcon/entity/v0/EntityIntegrityChecker.java,2,65,0,0,0,0,0,0,0,0,0,0,0,0,0,172427,2652.723077,TRUE
metrics/src/main/java/org/apache/falcon/aspect/GenericAlert.java,2,117,0,0,0,0,0,0,0,0,0,0,0,0,0,172427,1473.735043,TRUE
common/src/main/java/org/apache/falcon/entity/ColoClusterRelation.java,2,84,0,0,0,0,0,0,0,0,0,0,0,0,0,172427,2052.702381,TRUE
client/src/main/java/org/apache/falcon/entity/v0/SchemaHelper.java,2,58,0,0,0,0,0,0,0,0,0,0,0,0,0,172427,2972.87931,TRUE
webapp/src/test/java/org/apache/falcon/cli/FalconCLIIT.java,2,603,0,0,0,0,0,0,0,0,0,0,0,0,0,172427,285.94859,TRUE
rerun/src/main/java/org/apache/falcon/rerun/queue/InMemoryQueue.java,2,147,0,0,0,0,0,0,0,0,0,0,0,0,0,172427,1172.972789,TRUE
common/src/test/java/org/apache/falcon/cleanup/LogCleanupServiceTest.java,2,137,0,0,0,0,0,0,0,0,0,0,0,0,0,172427,1258.591241,TRUE
process/src/main/java/org/apache/falcon/converter/OozieProcessMapper.java,2,456,0,0,0,0,0,0,0,0,0,0,0,0,0,172427,378.129386,TRUE
common/src/test/java/org/apache/falcon/entity/store/ConfigurationStoreTest.java,2,85,0,0,0,0,0,0,0,0,0,0,0,0,0,172427,2028.552941,TRUE
prism/src/main/java/org/apache/falcon/resource/admin/AdminResource.java,2,129,0,0,0,0,0,0,0,0,0,0,0,0,0,172427,1336.643411,TRUE
feed/src/main/java/org/apache/falcon/workflow/OozieFeedWorkflowBuilder.java,2,91,0,0,0,0,0,0,0,0,0,0,0,0,0,172427,1894.802198,TRUE
client/src/main/java/org/apache/falcon/resource/InstancesResult.java,2,203,0,0,0,0,0,0,0,0,0,0,0,0,0,172427,849.394089,TRUE
client/src/main/java/org/apache/falcon/client/FalconClient.java,2,692,0,0,0,0,0,0,0,0,0,0,0,0,0,172427,249.171965,TRUE
rerun/src/main/java/org/apache/falcon/rerun/handler/LateRerunHandler.java,2,227,0,0,0,0,0,0,0,0,0,0,0,0,0,172427,759.590308,TRUE
oozie/src/main/java/org/apache/falcon/converter/AbstractOozieEntityMapper.java,2,339,0,0,0,0,0,0,0,0,0,0,0,0,0,172427,508.634218,TRUE
oozie-el-extensions/src/test/java/org/apache/oozie/extensions/TestOozieELExtensions.java,2,278,0,0,0,0,0,0,0,0,0,0,0,0,0,172427,620.241007,TRUE
webapp/src/test/java/org/apache/falcon/resource/EntityManagerJerseyIT.java,2,634,0,0,0,0,0,0,0,0,0,0,0,0,0,172427,271.966877,TRUE
common/src/test/java/org/apache/falcon/entity/parser/FeedEntityParserTest.java,2,447,0,0,0,0,0,0,0,0,0,0,0,0,0,172427,385.742729,TRUE
process/src/test/java/org/apache/falcon/converter/OozieProcessMapperTest.java,2,288,0,0,0,0,0,0,0,0,0,0,0,0,0,172427,598.704861,TRUE
common/src/main/java/org/apache/falcon/entity/parser/CrossEntityValidations.java,2,149,0,0,0,0,0,0,0,0,0,0,0,0,0,172427,1157.228188,TRUE
client/src/main/java/org/apache/falcon/client/FalconCLIException.java,2,71,0,0,0,0,0,0,0,0,0,0,0,0,0,172427,2428.549296,TRUE
oozie/src/main/java/org/apache/falcon/workflow/engine/OozieHouseKeepingService.java,2,85,0,0,0,0,0,0,0,0,0,0,0,0,0,172427,2028.552941,TRUE
process/src/main/java/org/apache/falcon/workflow/OozieProcessWorkflowBuilder.java,2,151,0,0,0,0,0,0,0,0,0,0,0,0,0,172427,1141.900662,TRUE
retention/src/test/java/org/apache/falcon/retention/FeedEvictorTest.java,2,407,0,0,0,0,0,0,0,0,0,0,0,0,0,172427,423.653563,TRUE
prism/src/main/java/org/apache/falcon/resource/provider/JAXBContextResolver.java,2,66,0,0,0,0,0,0,0,0,0,0,0,0,0,172427,2612.530303,TRUE
common/src/main/java/org/apache/falcon/update/UpdateHelper.java,2,157,0,0,0,0,0,0,0,0,0,0,0,0,0,172427,1098.261146,TRUE
common/src/main/java/org/apache/falcon/entity/store/ConfigurationStore.java,2,365,0,0,0,0,0,0,0,0,0,0,0,0,0,172427,472.40274,TRUE
prism/src/main/java/org/apache/falcon/service/FalconTopicSubscriber.java,2,193,0,0,0,0,0,0,0,0,0,0,0,0,0,172427,893.404145,TRUE
prism/src/main/java/org/apache/falcon/resource/channel/HTTPChannel.java,2,197,0,0,0,0,0,0,0,0,0,0,0,0,0,172427,875.263959,TRUE
common/src/main/java/org/apache/falcon/workflow/engine/AbstractWorkflowEngine.java,2,84,0,0,0,0,0,0,0,0,0,0,0,0,0,172427,2052.702381,TRUE
common/src/main/java/org/apache/falcon/service/ConfigurationChangeListener.java,2,34,0,0,0,0,0,0,0,0,0,0,0,0,0,172427,5071.382353,TRUE
prism/src/main/java/org/apache/falcon/resource/proxy/InstanceManagerProxy.java,2,274,0,0,0,0,0,0,0,0,0,0,0,0,0,172427,629.29562,TRUE
oozie/src/main/java/org/apache/falcon/workflow/OozieWorkflowBuilder.java,2,78,0,0,0,0,0,0,0,0,0,0,0,0,0,172427,2210.602564,TRUE
webapp/src/main/java/org/apache/falcon/resource/SchedulableEntityManager.java,2,110,0,0,0,0,0,0,0,0,0,0,0,0,0,172427,1567.518182,TRUE
replication/src/main/java/org/apache/falcon/replication/FilteredCopyListing.java,2,174,0,0,0,0,0,0,0,0,0,0,0,0,0,172427,990.95977,TRUE
common/src/main/java/org/apache/falcon/group/FeedGroupMap.java,2,121,0,0,0,0,0,0,0,0,0,0,0,0,0,172427,1425.016529,TRUE
webapp/src/test/java/org/apache/falcon/resource/ProcessInstanceManagerIT.java,2,154,0,0,0,0,0,0,0,0,0,0,0,0,0,172427,1119.655844,TRUE
retention/src/main/java/org/apache/falcon/retention/FeedEvictor.java,2,302,0,0,0,0,0,0,0,0,0,0,0,0,0,172427,570.950331,TRUE
messaging/src/test/java/org/apache/falcon/messaging/ProcessProducerTest.java,2,149,0,0,0,0,0,0,0,0,0,0,0,0,0,172427,1157.228188,TRUE
common/src/test/java/org/apache/falcon/entity/parser/ProcessEntityParserTest.java,2,286,0,0,0,0,0,0,0,0,0,0,0,0,0,172427,602.891608,TRUE
common/src/main/java/org/apache/falcon/entity/parser/FeedEntityParser.java,2,283,0,0,0,0,0,0,0,0,0,0,0,0,0,172427,609.282686,TRUE
messaging/src/test/java/org/apache/falcon/messaging/FeedProducerTest.java,2,206,0,0,0,0,0,0,0,0,0,0,0,0,0,172427,837.024272,TRUE
oozie/src/main/java/org/apache/falcon/workflow/engine/OozieWorkflowEngine.java,2,1260,0,0,0,0,0,0,0,0,0,0,0,0,0,172427,136.846825,TRUE
test-util/src/main/java/org/apache/falcon/cluster/util/EmbeddedCluster.java,2,181,0,0,0,0,0,0,0,0,0,0,0,0,0,172427,952.635359,TRUE
prism/src/main/java/org/apache/falcon/resource/proxy/SchedulableEntityManagerProxy.java,2,446,0,0,0,0,0,0,0,0,0,0,0,0,0,172427,386.607623,TRUE
webapp/src/main/java/org/apache/falcon/Debug.java,2,108,0,0,0,0,0,0,0,0,0,0,0,0,0,172427,1596.546296,TRUE
common/src/main/java/org/apache/falcon/entity/parser/ClusterEntityParser.java,2,60,0,0,0,0,0,0,0,0,0,0,0,0,0,172427,2873.783333,TRUE
common/src/test/java/org/apache/falcon/update/UpdateHelperTest.java,2,153,0,0,0,0,0,0,0,0,0,0,0,0,0,172427,1126.973856,TRUE
rerun/src/main/java/org/apache/falcon/rerun/service/LateRunService.java,2,71,0,0,0,0,0,0,0,0,0,0,0,0,0,172427,2428.549296,TRUE
client/src/main/java/org/apache/falcon/cli/FalconCLI.java,2,599,0,0,0,0,0,0,0,0,0,0,0,0,0,172427,287.858097,TRUE
oozie-el-extensions/src/main/java/org/apache/oozie/extensions/OozieELExtensions.java,2,386,0,0,0,0,0,0,0,0,0,0,0,0,0,172427,446.702073,TRUE
replication/src/test/java/org/apache/falcon/replication/FeedReplicatorTest.java,2,52,0,0,0,0,0,0,0,0,0,0,0,0,0,172427,3315.903846,TRUE
webapp/src/test/java/org/apache/falcon/resource/TestContext.java,2,564,0,0,0,0,0,0,0,0,0,0,0,0,0,172427,305.721631,TRUE
webapp/src/test/java/org/apache/falcon/logging/LogMoverIT.java,2,173,0,0,0,0,0,0,0,0,0,0,0,0,0,172427,996.687861,TRUE
prism/src/main/java/org/apache/falcon/resource/AbstractEntityManager.java,2,480,0,0,0,0,0,0,0,0,0,0,0,0,0,172427,359.222917,TRUE
oozie/src/main/java/org/apache/falcon/logging/LogMover.java,2,225,0,0,0,0,0,0,0,0,0,0,0,0,0,172427,766.342222,TRUE
prism/src/main/java/org/apache/falcon/resource/AbstractSchedulableEntityManager.java,2,158,0,0,0,0,0,0,0,0,0,0,0,0,0,172427,1091.310127,TRUE
webapp/src/main/java/org/apache/falcon/resource/InstanceManager.java,2,130,0,0,0,0,0,0,0,0,0,0,0,0,0,172427,1326.361538,TRUE
prism/src/main/java/org/apache/falcon/resource/AbstractInstanceManager.java,3,294,0,0,0,0,0,0,0,0,0,0,0,0,0,243893,829.568027,TRUE
rerun/src/main/java/org/apache/falcon/rerun/queue/ActiveMQueue.java,3,154,0,0,0,0,0,0,0,0,0,0,0,0,0,243893,1583.720779,TRUE
replication/src/main/java/org/apache/falcon/replication/FeedReplicator.java,3,156,107,1,0,1,62,62,62,17,17,17,74,74,17,243893,1563.416667,TRUE
prism/src/test/java/org/apache/falcon/service/FalconTopicSubscriberTest.java,3,115,0,0,0,0,0,0,0,0,0,0,0,0,0,243893,2120.808696,TRUE
common/src/main/java/org/apache/falcon/entity/EntityUtil.java,3,600,29,2,0,2,17,10,8.5,5,7,2.5,87,74,2.5,243893,406.488333,TRUE
common/src/main/java/org/apache/falcon/entity/v0/EntityGraph.java,3,234,4,1,1,1,2,2,2,0,0,0,7,7,0,243893,1042.277778,TRUE
common/src/test/java/org/apache/falcon/entity/v0/EntityGraphTest.java,3,283,0,0,0,0,0,0,0,0,0,0,0,0,0,243893,861.812721,TRUE
messaging/src/test/java/org/apache/falcon/messaging/FalconTopicProducerTest.java,3,167,0,0,0,0,0,0,0,0,0,0,0,0,0,243893,1460.437126,TRUE
hadoop-webapp/src/main/java/org/apache/falcon/listener/HadoopStartupListener.java,3,79,471,5,0,1,293,94,58.6,115,67,23,97,74,23,243893,3087.253165,TRUE
oozie/src/main/java/org/apache/falcon/service/SharedLibraryHostingService.java,3,151,80,2,1,2,55,47,27.5,30,23,15,20,13,15,243893,1615.18543,TRUE
common/src/test/java/org/apache/falcon/entity/parser/ClusterEntityParserTest.java,3,121,190,5,1,2,115,51,28.75,39,40,7.8,105,74,7.8,243893,2015.644628,TRUE
common/src/main/java/org/apache/falcon/util/ApplicationProperties.java,3,159,0,0,0,0,0,0,0,0,0,0,0,0,0,243893,1533.918239,TRUE
common/src/main/java/org/apache/falcon/entity/parser/EntityParser.java,3,111,0,0,0,0,0,0,0,0,0,0,0,0,0,243893,2197.234234,TRUE
common/src/main/java/org/apache/falcon/entity/v0/EntityIntegrityChecker.java,3,65,0,0,0,0,0,0,0,0,0,0,0,0,0,243893,3752.2,TRUE
metrics/src/main/java/org/apache/falcon/aspect/GenericAlert.java,3,117,0,0,0,0,0,0,0,0,0,0,0,0,0,243893,2084.555556,TRUE
common/src/main/java/org/apache/falcon/entity/ColoClusterRelation.java,3,84,2,1,1,1,1,1,1,0,0,0,7,7,0,243893,2903.488095,TRUE
client/src/main/java/org/apache/falcon/entity/v0/SchemaHelper.java,3,58,0,0,0,0,0,0,0,0,0,0,0,0,0,243893,4205.051724,TRUE
webapp/src/test/java/org/apache/falcon/cli/FalconCLIIT.java,3,603,0,0,0,0,0,0,0,0,0,0,0,0,0,243893,404.466003,TRUE
rerun/src/main/java/org/apache/falcon/rerun/queue/InMemoryQueue.java,3,147,0,0,0,0,0,0,0,0,0,0,0,0,0,243893,1659.136054,TRUE
common/src/test/java/org/apache/falcon/cleanup/LogCleanupServiceTest.java,3,137,88,2,0,1,74,62,37,60,59,30,91,74,30,243893,1780.240876,TRUE
process/src/main/java/org/apache/falcon/converter/OozieProcessMapper.java,3,456,468,4,0,2,374,363,93.5,280,275,70,122,74,70,243893,534.85307,TRUE
common/src/test/java/org/apache/falcon/entity/store/ConfigurationStoreTest.java,3,85,44,1,1,1,40,40,40,36,36,36,7,7,36,243893,2869.329412,TRUE
prism/src/main/java/org/apache/falcon/resource/admin/AdminResource.java,3,129,26,2,2,2,19,17,9.5,12,12,6,8,5,6,243893,1890.643411,TRUE
feed/src/main/java/org/apache/falcon/workflow/OozieFeedWorkflowBuilder.java,3,91,0,0,0,0,0,0,0,0,0,0,0,0,0,243893,2680.142857,TRUE
client/src/main/java/org/apache/falcon/resource/InstancesResult.java,3,203,0,0,0,0,0,0,0,0,0,0,0,0,0,243893,1201.44335,TRUE
client/src/main/java/org/apache/falcon/client/FalconClient.java,3,692,60,3,2,2,27,24,9,-6,0,-2,82,74,-2,243893,352.446532,TRUE
rerun/src/main/java/org/apache/falcon/rerun/handler/LateRerunHandler.java,3,227,44,2,1,2,20,15,10,-4,0,-2,76,74,-2,243893,1074.418502,TRUE
oozie/src/main/java/org/apache/falcon/converter/AbstractOozieEntityMapper.java,3,339,86,3,1,2,75,47,25,64,41,21.333333,91,74,21.333333,243893,719.448378,TRUE
oozie-el-extensions/src/test/java/org/apache/oozie/extensions/TestOozieELExtensions.java,3,278,6,1,0,1,4,4,4,2,2,2,74,74,2,243893,877.31295,TRUE
webapp/src/test/java/org/apache/falcon/resource/EntityManagerJerseyIT.java,3,634,112,3,1,2,86,37,28.666667,60,31,20,20,13,20,243893,384.689274,TRUE
common/src/test/java/org/apache/falcon/entity/parser/FeedEntityParserTest.java,3,447,100,3,0,1,68,43,22.666667,36,36,12,109,74,12,243893,545.621924,TRUE
process/src/test/java/org/apache/falcon/converter/OozieProcessMapperTest.java,3,288,365,7,1,2,281,207,40.142857,197,166,28.142857,150,74,28.142857,243893,846.850694,TRUE
common/src/main/java/org/apache/falcon/entity/parser/CrossEntityValidations.java,3,149,0,0,0,0,0,0,0,0,0,0,0,0,0,243893,1636.865772,TRUE
client/src/main/java/org/apache/falcon/client/FalconCLIException.java,3,71,0,0,0,0,0,0,0,0,0,0,0,0,0,243893,3435.112676,TRUE
oozie/src/main/java/org/apache/falcon/workflow/engine/OozieHouseKeepingService.java,3,85,0,0,0,0,0,0,0,0,0,0,0,0,0,243893,2869.329412,TRUE
process/src/main/java/org/apache/falcon/workflow/OozieProcessWorkflowBuilder.java,3,151,12,3,0,1,6,3,2,0,1,0,109,74,0,243893,1615.18543,TRUE
retention/src/test/java/org/apache/falcon/retention/FeedEvictorTest.java,3,407,241,3,1,1,147,119,49,53,42,17.666667,95,74,17.666667,243893,599.2457,TRUE
prism/src/main/java/org/apache/falcon/resource/provider/JAXBContextResolver.java,3,66,0,0,0,0,0,0,0,0,0,0,0,0,0,243893,3695.348485,TRUE
common/src/main/java/org/apache/falcon/update/UpdateHelper.java,3,157,102,3,0,1,47,21,15.666667,-8,8,-2.666667,109,74,-2.666667,243893,1553.458599,TRUE
common/src/main/java/org/apache/falcon/entity/store/ConfigurationStore.java,3,365,47,1,1,1,15,15,15,-17,0,-17,7,7,-17,243893,668.2,TRUE
prism/src/main/java/org/apache/falcon/service/FalconTopicSubscriber.java,3,193,5,1,0,1,4,4,4,3,3,3,74,74,3,243893,1263.694301,TRUE
prism/src/main/java/org/apache/falcon/resource/channel/HTTPChannel.java,3,197,0,0,0,0,0,0,0,0,0,0,0,0,0,243893,1238.035533,TRUE
common/src/main/java/org/apache/falcon/workflow/engine/AbstractWorkflowEngine.java,3,84,5,2,1,2,4,3,2,3,3,1.5,79,74,1.5,243893,2903.488095,TRUE
common/src/main/java/org/apache/falcon/service/ConfigurationChangeListener.java,3,34,2,1,1,1,1,1,1,0,0,0,7,7,0,243893,7173.323529,TRUE
prism/src/main/java/org/apache/falcon/resource/proxy/InstanceManagerProxy.java,3,274,0,0,0,0,0,0,0,0,0,0,0,0,0,243893,890.120438,TRUE
oozie/src/main/java/org/apache/falcon/workflow/OozieWorkflowBuilder.java,3,78,0,0,0,0,0,0,0,0,0,0,0,0,0,243893,3126.833333,TRUE
webapp/src/main/java/org/apache/falcon/resource/SchedulableEntityManager.java,3,110,19,2,1,2,10,7,5,1,1,0.5,9,5,0.5,243893,2217.209091,TRUE
replication/src/main/java/org/apache/falcon/replication/FilteredCopyListing.java,3,174,0,0,0,0,0,0,0,0,0,0,0,0,0,243893,1401.683908,TRUE
common/src/main/java/org/apache/falcon/group/FeedGroupMap.java,3,121,20,4,1,1,10,3,2.5,0,0,0,116,74,0,243893,2015.644628,TRUE
webapp/src/test/java/org/apache/falcon/resource/ProcessInstanceManagerIT.java,3,154,0,0,0,0,0,0,0,0,0,0,0,0,0,243893,1583.720779,TRUE
retention/src/main/java/org/apache/falcon/retention/FeedEvictor.java,3,302,232,3,0,2,188,157,62.666667,144,132,48,104,74,48,243893,807.592715,TRUE
messaging/src/test/java/org/apache/falcon/messaging/ProcessProducerTest.java,3,149,0,0,0,0,0,0,0,0,0,0,0,0,0,243893,1636.865772,TRUE
common/src/test/java/org/apache/falcon/entity/parser/ProcessEntityParserTest.java,3,286,66,2,0,1,56,43,28,46,43,23,91,74,23,243893,852.772727,TRUE
common/src/main/java/org/apache/falcon/entity/parser/FeedEntityParser.java,3,283,197,3,0,1,140,95,46.666667,83,83,27.666667,109,74,27.666667,243893,861.812721,TRUE
messaging/src/test/java/org/apache/falcon/messaging/FeedProducerTest.java,3,206,20,2,0,1,12,12,12,1,7,0.5,91,74,0.5,243893,1183.946602,TRUE
oozie/src/main/java/org/apache/falcon/workflow/engine/OozieWorkflowEngine.java,3,1260,149,3,2,3,97,79,32.333333,45,39,15,80,74,15,243893,193.565873,TRUE
common/src/main/java/org/apache/falcon/entity/EntityNotRegisteredException.java,1,31,0,0,0,0,0,0,0,0,0,0,0,0,0,1602,51.677419,FALSE
webapp/src/test/java/org/apache/falcon/util/ResourcesReflectionUtilTest.java,1,53,0,0,0,0,0,0,0,0,0,0,0,0,0,1602,30.226415,FALSE
rerun/src/main/java/org/apache/falcon/rerun/handler/LateRerunConsumer.java,1,148,0,0,0,0,0,0,0,0,0,0,0,0,0,1602,10.824324,FALSE
common/src/main/java/org/apache/falcon/entity/WorkflowNameBuilder.java,1,130,0,0,0,0,0,0,0,0,0,0,0,0,0,1602,12.323077,FALSE
common/src/main/java/org/apache/falcon/entity/ExternalId.java,1,77,0,0,0,0,0,0,0,0,0,0,0,0,0,1602,20.805195,FALSE
common/src/main/java/org/apache/falcon/entity/ProcessHelper.java,1,39,0,0,0,0,0,0,0,0,0,0,0,0,0,1602,41.076923,FALSE
common/src/main/java/org/apache/falcon/util/DeploymentProperties.java,1,55,0,0,0,0,0,0,0,0,0,0,0,0,0,1602,29.127273,FALSE
prism/src/main/java/org/apache/falcon/listener/ContextStartupListener.java,1,95,0,0,0,0,0,0,0,0,0,0,0,0,0,1602,16.863158,FALSE
common/src/test/java/org/apache/falcon/entity/TestWorkflowNameBuilder.java,1,91,0,0,0,0,0,0,0,0,0,0,0,0,0,1602,17.604396,FALSE
prism/src/main/java/org/apache/falcon/util/EmbeddedServer.java,1,51,0,0,0,0,0,0,0,0,0,0,0,0,0,1602,31.411765,FALSE
metrics/src/main/java/org/apache/falcon/monitors/TimeTaken.java,1,36,0,0,0,0,0,0,0,0,0,0,0,0,0,1602,44.5,FALSE
prism/src/main/java/org/apache/falcon/resource/channel/AbstractChannel.java,1,51,0,0,0,0,0,0,0,0,0,0,0,0,0,1602,31.411765,FALSE
process/src/test/java/org/apache/falcon/converter/AbstractTestBase.java,1,83,0,0,0,0,0,0,0,0,0,0,0,0,0,1602,19.301205,FALSE
common/src/test/java/org/apache/falcon/entity/EntityTypeTest.java,1,42,0,0,0,0,0,0,0,0,0,0,0,0,0,1602,38.142857,FALSE
common/src/main/java/org/apache/falcon/security/FalconPrincipal.java,1,38,0,0,0,0,0,0,0,0,0,0,0,0,0,1602,42.157895,FALSE
prism/src/main/java/org/apache/falcon/Prism.java,1,52,0,0,0,0,0,0,0,0,0,0,0,0,0,1602,30.807692,FALSE
common/src/test/java/org/apache/falcon/entity/parser/FeedUpdateTest.java,1,142,0,0,0,0,0,0,0,0,0,0,0,0,0,1602,11.28169,FALSE
rerun/src/test/java/org/apache/falcon/rerun/queue/ActiveMQTest.java,1,66,0,0,0,0,0,0,0,0,0,0,0,0,0,1602,24.272727,FALSE
common/src/test/java/org/apache/falcon/util/StartupPropertiesTest.java,1,42,0,0,0,0,0,0,0,0,0,0,0,0,0,1602,38.142857,FALSE
oozie/src/main/java/org/apache/falcon/logging/LogProvider.java,1,163,0,0,0,0,0,0,0,0,0,0,0,0,0,1602,9.828221,FALSE
rerun/src/main/java/org/apache/falcon/rerun/queue/DelayedQueue.java,1,42,0,0,0,0,0,0,0,0,0,0,0,0,0,1602,38.142857,FALSE
oozie/src/main/java/org/apache/falcon/workflow/engine/NullCoordJob.java,1,158,0,0,0,0,0,0,0,0,0,0,0,0,0,1602,10.139241,FALSE
rerun/src/main/java/org/apache/falcon/rerun/handler/AbstractRerunHandler.java,1,76,0,0,0,0,0,0,0,0,0,0,0,0,0,1602,21.078947,FALSE
rerun/src/main/java/org/apache/falcon/rerun/policy/PeriodicPolicy.java,1,29,0,0,0,0,0,0,0,0,0,0,0,0,0,1602,55.241379,FALSE
oozie/src/main/java/org/apache/falcon/util/OozieUtils.java,1,42,0,0,0,0,0,0,0,0,0,0,0,0,0,1602,38.142857,FALSE
replication/src/main/java/org/apache/falcon/replication/CustomReplicator.java,1,63,0,0,0,0,0,0,0,0,0,0,0,0,0,1602,25.428571,FALSE
metrics/src/main/java/org/apache/falcon/monitors/Dimension.java,1,37,0,0,0,0,0,0,0,0,0,0,0,0,0,1602,43.297297,FALSE
common/src/main/java/org/apache/falcon/service/Services.java,1,86,0,0,0,0,0,0,0,0,0,0,0,0,0,1602,18.627907,FALSE
common/src/main/java/org/apache/falcon/expression/ExpressionHelper.java,1,204,0,0,0,0,0,0,0,0,0,0,0,0,0,1602,7.852941,FALSE
metrics/src/main/java/org/apache/falcon/monitors/Monitored.java,1,37,0,0,0,0,0,0,0,0,0,0,0,0,0,1602,43.297297,FALSE
rerun/src/test/java/org/apache/falcon/rerun/queue/InMemoryQueueTest.java,1,88,0,0,0,0,0,0,0,0,0,0,0,0,0,1602,18.204545,FALSE
messaging/src/main/java/org/apache/falcon/messaging/EntityInstanceMessageCreator.java,1,58,0,0,0,0,0,0,0,0,0,0,0,0,0,1602,27.62069,FALSE
metrics/src/main/java/org/apache/falcon/util/ResourcesReflectionUtil.java,1,149,0,0,0,0,0,0,0,0,0,0,0,0,0,1602,10.751678,FALSE
prism/src/test/java/org/apache/falcon/resource/EntityManagerTest.java,1,121,0,0,0,0,0,0,0,0,0,0,0,0,0,1602,13.239669,FALSE
prism/src/main/java/org/apache/falcon/resource/channel/Channel.java,1,31,0,0,0,0,0,0,0,0,0,0,0,0,0,1602,51.677419,FALSE
webapp/src/test/java/org/apache/falcon/logging/LogProviderIT.java,1,160,0,0,0,0,0,0,0,0,0,0,0,0,0,1602,10.0125,FALSE
common/src/test/java/org/apache/falcon/entity/AbstractTestBase.java,1,148,0,0,0,0,0,0,0,0,0,0,0,0,0,1602,10.824324,FALSE
prism/src/main/java/org/apache/falcon/plugin/ChainableMonitoringPlugin.java,1,73,0,0,0,0,0,0,0,0,0,0,0,0,0,1602,21.945205,FALSE
common/src/test/java/org/apache/falcon/entity/EntityUtilTest.java,1,215,0,0,0,0,0,0,0,0,0,0,0,0,0,1602,7.451163,FALSE
common/src/main/java/org/apache/falcon/workflow/engine/WorkflowEngineActionListener.java,1,45,0,0,0,0,0,0,0,0,0,0,0,0,0,1602,35.6,FALSE
oozie/src/test/java/org/apache/falcon/oozie/workflow/WorkflowUnmarshallingTest.java,1,52,0,0,0,0,0,0,0,0,0,0,0,0,0,1602,30.807692,FALSE
replication/src/test/java/org/apache/falcon/replication/FilteredCopyListingTest.java,1,226,0,0,0,0,0,0,0,0,0,0,0,0,0,1602,7.088496,FALSE
common/src/main/java/org/apache/falcon/service/ServiceInitializer.java,1,67,0,0,0,0,0,0,0,0,0,0,0,0,0,1602,23.910448,FALSE
common/src/main/java/org/apache/falcon/cleanup/ProcessCleanupHandler.java,1,66,0,0,0,0,0,0,0,0,0,0,0,0,0,1602,24.272727,FALSE
common/src/main/java/org/apache/falcon/entity/store/EntityAlreadyExistsException.java,1,39,0,0,0,0,0,0,0,0,0,0,0,0,0,1602,41.076923,FALSE
common/src/main/java/org/apache/falcon/util/BuildProperties.java,1,55,0,0,0,0,0,0,0,0,0,0,0,0,0,1602,29.127273,FALSE
common/src/main/java/org/apache/falcon/security/FalconLoginModule.java,1,89,0,0,0,0,0,0,0,0,0,0,0,0,0,1602,18,FALSE
rerun/src/main/java/org/apache/falcon/rerun/policy/FinalPolicy.java,1,40,0,0,0,0,0,0,0,0,0,0,0,0,0,1602,40.05,FALSE
prism/src/main/java/org/apache/falcon/service/SLAMonitoringService.java,1,237,0,0,0,0,0,0,0,0,0,0,0,0,0,1602,6.759494,FALSE
common/src/main/java/org/apache/falcon/entity/store/StoreAccessException.java,1,38,0,0,0,0,0,0,0,0,0,0,0,0,0,1602,42.157895,FALSE
prism/src/main/java/org/apache/falcon/security/BasicAuthFilter.java,1,99,0,0,0,0,0,0,0,0,0,0,0,0,0,1602,16.181818,FALSE
messaging/src/main/java/org/apache/falcon/messaging/EntityInstanceMessage.java,1,224,0,0,0,0,0,0,0,0,0,0,0,0,0,1602,7.151786,FALSE
rerun/src/main/java/org/apache/falcon/rerun/policy/RerunPolicyFactory.java,1,46,0,0,0,0,0,0,0,0,0,0,0,0,0,1602,34.826087,FALSE
client/src/main/java/org/apache/falcon/entity/v0/Frequency.java,1,109,0,0,0,0,0,0,0,0,0,0,0,0,0,1602,14.697248,FALSE
prism/src/test/java/org/apache/falcon/aspect/LoggingAspectTest.java,1,81,0,0,0,0,0,0,0,0,0,0,0,0,0,1602,19.777778,FALSE
rerun/src/main/java/org/apache/falcon/rerun/event/RerunEvent.java,1,121,0,0,0,0,0,0,0,0,0,0,0,0,0,1602,13.239669,FALSE
common/src/test/java/org/apache/falcon/security/CurrentUserTest.java,1,35,0,0,0,0,0,0,0,0,0,0,0,0,0,1602,45.771429,FALSE
common/src/main/java/org/apache/falcon/cleanup/FeedCleanupHandler.java,1,66,0,0,0,0,0,0,0,0,0,0,0,0,0,1602,24.272727,FALSE
common/src/main/java/org/apache/falcon/group/FeedGroup.java,1,100,0,0,0,0,0,0,0,0,0,0,0,0,0,1602,16.02,FALSE
prism/src/main/java/org/apache/falcon/resource/channel/ChannelFactory.java,1,62,0,0,0,0,0,0,0,0,0,0,0,0,0,1602,25.83871,FALSE
prism/src/main/java/org/apache/falcon/FalconWebException.java,1,89,0,0,0,0,0,0,0,0,0,0,0,0,0,1602,18,FALSE
oozie/src/main/java/org/apache/oozie/client/CustomOozieClient.java,1,88,0,0,0,0,0,0,0,0,0,0,0,0,0,1602,18.204545,FALSE
rerun/src/main/java/org/apache/falcon/rerun/event/RerunEventFactory.java,1,72,0,0,0,0,0,0,0,0,0,0,0,0,0,1602,22.25,FALSE
common/src/test/java/org/apache/falcon/entity/FeedHelperTest.java,1,54,0,0,0,0,0,0,0,0,0,0,0,0,0,1602,29.666667,FALSE
common/src/main/java/org/apache/falcon/service/FalconService.java,1,33,0,0,0,0,0,0,0,0,0,0,0,0,0,1602,48.545455,FALSE
rerun/src/main/java/org/apache/falcon/rerun/handler/RerunHandlerFactory.java,1,50,0,0,0,0,0,0,0,0,0,0,0,0,0,1602,32.04,FALSE
rerun/src/main/java/org/apache/falcon/rerun/handler/RetryConsumer.java,1,100,0,0,0,0,0,0,0,0,0,0,0,0,0,1602,16.02,FALSE
prism/src/main/java/org/apache/falcon/resource/channel/MethodKey.java,1,85,0,0,0,0,0,0,0,0,0,0,0,0,0,1602,18.847059,FALSE
common/src/main/java/org/apache/falcon/util/RuntimeProperties.java,1,94,0,0,0,0,0,0,0,0,0,0,0,0,0,1602,17.042553,FALSE
rerun/src/main/java/org/apache/falcon/rerun/handler/AbstractRerunConsumer.java,1,79,0,0,0,0,0,0,0,0,0,0,0,0,0,1602,20.278481,FALSE
rerun/src/main/java/org/apache/falcon/rerun/policy/AbstractRerunPolicy.java,1,44,0,0,0,0,0,0,0,0,0,0,0,0,0,1602,36.409091,FALSE
common/src/main/java/org/apache/falcon/security/FalconSecurityConfiguration.java,1,52,0,0,0,0,0,0,0,0,0,0,0,0,0,1602,30.807692,FALSE
rerun/src/main/java/org/apache/falcon/rerun/service/RetryService.java,1,69,0,0,0,0,0,0,0,0,0,0,0,0,0,1602,23.217391,FALSE
rerun/src/main/java/org/apache/falcon/rerun/handler/RetryHandler.java,1,91,0,0,0,0,0,0,0,0,0,0,0,0,0,1602,17.604396,FALSE
oozie/src/test/java/org/apache/oozie/client/CustomOozieClientTest.java,1,38,0,0,0,0,0,0,0,0,0,0,0,0,0,1602,42.157895,FALSE
client/src/test/java/org/apache/falcon/entity/v0/TestFrequency.java,1,36,0,0,0,0,0,0,0,0,0,0,0,0,0,1602,44.5,FALSE
client/src/main/java/org/apache/falcon/entity/v0/DateValidator.java,1,77,0,0,0,0,0,0,0,0,0,0,0,0,0,1602,20.805195,FALSE
prism/src/main/java/org/apache/falcon/resource/proxy/BufferedRequest.java,1,354,0,0,0,0,0,0,0,0,0,0,0,0,0,1602,4.525424,FALSE
rerun/src/main/java/org/apache/falcon/latedata/LateDataHandler.java,1,165,0,0,0,0,0,0,0,0,0,0,0,0,0,1602,9.709091,FALSE
webapp/src/test/java/org/apache/falcon/security/BasicAuthFilterTest.java,1,116,0,0,0,0,0,0,0,0,0,0,0,0,0,1602,13.810345,FALSE
common/src/main/java/org/apache/falcon/workflow/WorkflowEngineFactory.java,1,40,0,0,0,0,0,0,0,0,0,0,0,0,0,1602,40.05,FALSE
webapp/src/test/java/org/apache/falcon/resource/PigProcessIT.java,1,119,0,0,0,0,0,0,0,0,0,0,0,0,0,1602,13.462185,FALSE
common/src/main/java/org/apache/falcon/workflow/WorkflowBuilder.java,1,47,0,0,0,0,0,0,0,0,0,0,0,0,0,1602,34.085106,FALSE
webapp/src/main/java/org/apache/falcon/resource/ConfigSyncService.java,1,70,0,0,0,0,0,0,0,0,0,0,0,0,0,1602,22.885714,FALSE
client/src/main/java/org/apache/falcon/resource/EntityList.java,1,90,0,0,0,0,0,0,0,0,0,0,0,0,0,1602,17.8,FALSE
test-util/src/main/java/org/apache/falcon/cluster/util/StandAloneCluster.java,1,56,0,0,0,0,0,0,0,0,0,0,0,0,0,1602,28.607143,FALSE
oozie/src/test/java/org/apache/falcon/oozie/bundle/BundleUnmarshallingTest.java,1,51,0,0,0,0,0,0,0,0,0,0,0,0,0,1602,31.411765,FALSE
common/src/main/java/org/apache/falcon/entity/ClusterHelper.java,1,115,0,0,0,0,0,0,0,0,0,0,0,0,0,1602,13.930435,FALSE
client/src/test/java/org/apache/falcon/entity/v0/DateValidatorTest.java,1,82,0,0,0,0,0,0,0,0,0,0,0,0,0,1602,19.536585,FALSE
client/src/main/java/org/apache/falcon/Pair.java,1,74,0,0,0,0,0,0,0,0,0,0,0,0,0,1602,21.648649,FALSE
common/src/main/java/org/apache/falcon/service/LogCleanupService.java,1,93,0,0,0,0,0,0,0,0,0,0,0,0,0,1602,17.225806,FALSE
metrics/src/main/java/org/apache/falcon/plugin/LoggingPlugin.java,1,34,0,0,0,0,0,0,0,0,0,0,0,0,0,1602,47.117647,FALSE
oozie/src/main/java/org/apache/falcon/workflow/FalconPostProcessing.java,1,216,0,0,0,0,0,0,0,0,0,0,0,0,0,1602,7.416667,FALSE
common/src/main/java/org/apache/falcon/entity/FeedHelper.java,1,109,0,0,0,0,0,0,0,0,0,0,0,0,0,1602,14.697248,FALSE
client/src/main/java/org/apache/falcon/entity/v0/EntityType.java,1,98,0,0,0,0,0,0,0,0,0,0,0,0,0,1602,16.346939,FALSE
messaging/src/main/java/org/apache/falcon/messaging/MessageProducer.java,1,176,0,0,0,0,0,0,0,0,0,0,0,0,0,1602,9.102273,FALSE
rerun/src/main/java/org/apache/falcon/rerun/event/LaterunEvent.java,1,42,0,0,0,0,0,0,0,0,0,0,0,0,0,1602,38.142857,FALSE
common/src/main/java/org/apache/falcon/util/ReflectionUtils.java,1,55,0,0,0,0,0,0,0,0,0,0,0,0,0,1602,29.127273,FALSE
prism/src/main/java/org/apache/falcon/resource/channel/IPCChannel.java,1,66,0,0,0,0,0,0,0,0,0,0,0,0,0,1602,24.272727,FALSE
common/src/main/java/org/apache/falcon/util/StartupProperties.java,1,55,0,0,0,0,0,0,0,0,0,0,0,0,0,1602,29.127273,FALSE
common/src/main/java/org/apache/falcon/FalconRuntimException.java,1,43,0,0,0,0,0,0,0,0,0,0,0,0,0,1602,37.255814,FALSE
oozie/src/test/java/org/apache/falcon/oozie/coordinator/CoordinatorUnmarshallingTest.java,1,50,0,0,0,0,0,0,0,0,0,0,0,0,0,1602,32.04,FALSE
common/src/main/java/org/apache/falcon/entity/v0/UnschedulableEntityException.java,1,43,0,0,0,0,0,0,0,0,0,0,0,0,0,1602,37.255814,FALSE
client/src/main/java/org/apache/falcon/resource/APIResult.java,1,107,0,0,0,0,0,0,0,0,0,0,0,0,0,1602,14.971963,FALSE
rerun/src/main/java/org/apache/falcon/rerun/event/RetryEvent.java,1,62,0,0,0,0,0,0,0,0,0,0,0,0,0,1602,25.83871,FALSE
rerun/src/test/java/org/apache/falcon/rerun/handler/TestLateData.java,1,194,0,0,0,0,0,0,0,0,0,0,0,0,0,1602,8.257732,FALSE
rerun/src/main/java/org/apache/falcon/rerun/policy/ExpBackoffPolicy.java,1,58,0,0,0,0,0,0,0,0,0,0,0,0,0,1602,27.62069,FALSE
metrics/src/main/java/org/apache/falcon/plugin/MonitoringPlugin.java,1,29,0,0,0,0,0,0,0,0,0,0,0,0,0,1602,55.241379,FALSE
oozie/src/main/java/org/apache/falcon/workflow/engine/NullBundleJob.java,1,133,0,0,0,0,0,0,0,0,0,0,0,0,0,1602,12.045113,FALSE
feed/src/test/java/org/apache/falcon/converter/OozieFeedMapperTest.java,1,152,0,0,0,0,0,0,0,0,0,0,0,0,0,1602,10.539474,FALSE
common/src/test/java/org/apache/falcon/entity/ColoClusterRelationTest.java,1,73,0,0,0,0,0,0,0,0,0,0,0,0,0,1602,21.945205,FALSE
rerun/src/test/java/org/apache/falcon/rerun/AbstractRerunPolicyTest.java,1,93,0,0,0,0,0,0,0,0,0,0,0,0,0,1602,17.225806,FALSE
common/src/main/java/org/apache/falcon/entity/common/FeedDataPath.java,1,64,0,0,0,0,0,0,0,0,0,0,0,0,0,1602,25.03125,FALSE
metrics/src/main/java/org/apache/falcon/aspect/ResourceMessage.java,1,71,0,0,0,0,0,0,0,0,0,0,0,0,0,1602,22.56338,FALSE
prism/src/main/java/org/apache/falcon/service/ProcessSubscriberService.java,1,67,0,0,0,0,0,0,0,0,0,0,0,0,0,1602,23.910448,FALSE
client/src/main/java/org/apache/falcon/cli/CLIParser.java,1,151,0,0,0,0,0,0,0,0,0,0,0,0,0,1602,10.609272,FALSE
common/src/main/java/org/apache/falcon/FalconException.java,1,48,0,0,0,0,0,0,0,0,0,0,0,0,0,1602,33.375,FALSE
common/src/main/java/org/apache/falcon/security/SecurityConstants.java,1,38,0,0,0,0,0,0,0,0,0,0,0,0,0,1602,42.157895,FALSE
oozie/src/main/java/org/apache/falcon/workflow/engine/OozieClientFactory.java,1,85,0,0,0,0,0,0,0,0,0,0,0,0,0,1602,18.847059,FALSE
client/src/main/java/org/apache/falcon/entity/v0/Entity.java,1,94,0,0,0,0,0,0,0,0,0,0,0,0,0,1602,17.042553,FALSE
client/src/main/java/org/apache/falcon/Tag.java,1,38,0,0,0,0,0,0,0,0,0,0,0,0,0,1602,42.157895,FALSE
common/src/main/java/org/apache/falcon/entity/parser/EntityParserFactory.java,1,53,0,0,0,0,0,0,0,0,0,0,0,0,0,1602,30.226415,FALSE
common/src/main/java/org/apache/falcon/entity/parser/ValidationException.java,1,42,0,0,0,0,0,0,0,0,0,0,0,0,0,1602,38.142857,FALSE
prism/src/test/java/org/apache/falcon/aspect/GenericAlertTest.java,1,35,0,0,0,0,0,0,0,0,0,0,0,0,0,1602,45.771429,FALSE
process/src/test/java/org/apache/falcon/converter/OozieProcessMapperLateProcessTest.java,1,96,0,0,0,0,0,0,0,0,0,0,0,0,0,1602,16.6875,FALSE
oozie/src/test/java/org/apache/falcon/oozie/workflow/FalconPostProcessingTest.java,1,161,0,0,0,0,0,0,0,0,0,0,0,0,0,1602,9.950311,FALSE
feed/src/main/java/org/apache/falcon/converter/OozieFeedMapper.java,1,371,0,0,0,0,0,0,0,0,0,0,0,0,0,1602,4.318059,FALSE
common/src/test/java/org/apache/falcon/group/FeedGroupMapTest.java,1,200,0,0,0,0,0,0,0,0,0,0,0,0,0,1602,8.01,FALSE
client/src/test/java/org/apache/falcon/cli/TestCLIParser.java,1,69,0,0,0,0,0,0,0,0,0,0,0,0,0,1602,23.217391,FALSE
prism/src/main/java/org/apache/falcon/resource/channel/NullServletRequest.java,1,315,0,0,0,0,0,0,0,0,0,0,0,0,0,1602,5.085714,FALSE
common/src/main/java/org/apache/falcon/util/DeploymentUtil.java,1,87,0,0,0,0,0,0,0,0,0,0,0,0,0,1602,18.413793,FALSE
oozie/src/main/java/org/apache/falcon/service/FalconPathFilter.java,1,30,0,0,0,0,0,0,0,0,0,0,0,0,0,1602,53.4,FALSE
common/src/main/java/org/apache/falcon/cleanup/AbstractCleanupHandler.java,1,149,0,0,0,0,0,0,0,0,0,0,0,0,0,1602,10.751678,FALSE
common/src/main/java/org/apache/falcon/security/CurrentUser.java,1,82,0,0,0,0,0,0,0,0,0,0,0,0,0,1602,19.536585,FALSE
metrics/src/main/java/org/apache/falcon/aspect/AbstractFalconAspect.java,1,95,0,0,0,0,0,0,0,0,0,0,0,0,0,1602,16.863158,FALSE
common/src/main/java/org/apache/falcon/entity/parser/ProcessEntityParser.java,1,184,0,0,0,0,0,0,0,0,0,0,0,0,0,1602,8.706522,FALSE
common/src/main/java/org/apache/falcon/entity/EntityNotRegisteredException.java,2,31,0,0,0,0,0,0,0,0,0,0,0,0,0,172427,5562.16129,FALSE
webapp/src/test/java/org/apache/falcon/util/ResourcesReflectionUtilTest.java,2,53,0,0,0,0,0,0,0,0,0,0,0,0,0,172427,3253.339623,FALSE
rerun/src/main/java/org/apache/falcon/rerun/handler/LateRerunConsumer.java,2,148,0,0,0,0,0,0,0,0,0,0,0,0,0,172427,1165.047297,FALSE
common/src/main/java/org/apache/falcon/entity/WorkflowNameBuilder.java,2,130,0,0,0,0,0,0,0,0,0,0,0,0,0,172427,1326.361538,FALSE
common/src/main/java/org/apache/falcon/entity/ExternalId.java,2,77,0,0,0,0,0,0,0,0,0,0,0,0,0,172427,2239.311688,FALSE
common/src/main/java/org/apache/falcon/entity/ProcessHelper.java,2,39,0,0,0,0,0,0,0,0,0,0,0,0,0,172427,4421.205128,FALSE
common/src/main/java/org/apache/falcon/util/DeploymentProperties.java,2,55,0,0,0,0,0,0,0,0,0,0,0,0,0,172427,3135.036364,FALSE
prism/src/main/java/org/apache/falcon/listener/ContextStartupListener.java,2,95,0,0,0,0,0,0,0,0,0,0,0,0,0,172427,1815.021053,FALSE
common/src/test/java/org/apache/falcon/entity/TestWorkflowNameBuilder.java,2,91,0,0,0,0,0,0,0,0,0,0,0,0,0,172427,1894.802198,FALSE
prism/src/main/java/org/apache/falcon/util/EmbeddedServer.java,2,51,0,0,0,0,0,0,0,0,0,0,0,0,0,172427,3380.921569,FALSE
metrics/src/main/java/org/apache/falcon/monitors/TimeTaken.java,2,36,0,0,0,0,0,0,0,0,0,0,0,0,0,172427,4789.638889,FALSE
prism/src/main/java/org/apache/falcon/resource/channel/AbstractChannel.java,2,51,0,0,0,0,0,0,0,0,0,0,0,0,0,172427,3380.921569,FALSE
process/src/test/java/org/apache/falcon/converter/AbstractTestBase.java,2,83,0,0,0,0,0,0,0,0,0,0,0,0,0,172427,2077.433735,FALSE
common/src/test/java/org/apache/falcon/entity/EntityTypeTest.java,2,42,0,0,0,0,0,0,0,0,0,0,0,0,0,172427,4105.404762,FALSE
common/src/main/java/org/apache/falcon/security/FalconPrincipal.java,2,38,0,0,0,0,0,0,0,0,0,0,0,0,0,172427,4537.552632,FALSE
prism/src/main/java/org/apache/falcon/Prism.java,2,52,0,0,0,0,0,0,0,0,0,0,0,0,0,172427,3315.903846,FALSE
common/src/test/java/org/apache/falcon/entity/parser/FeedUpdateTest.java,2,142,0,0,0,0,0,0,0,0,0,0,0,0,0,172427,1214.274648,FALSE
rerun/src/test/java/org/apache/falcon/rerun/queue/ActiveMQTest.java,2,66,0,0,0,0,0,0,0,0,0,0,0,0,0,172427,2612.530303,FALSE
common/src/test/java/org/apache/falcon/util/StartupPropertiesTest.java,2,42,0,0,0,0,0,0,0,0,0,0,0,0,0,172427,4105.404762,FALSE
oozie/src/main/java/org/apache/falcon/logging/LogProvider.java,2,163,0,0,0,0,0,0,0,0,0,0,0,0,0,172427,1057.834356,FALSE
rerun/src/main/java/org/apache/falcon/rerun/queue/DelayedQueue.java,2,42,0,0,0,0,0,0,0,0,0,0,0,0,0,172427,4105.404762,FALSE
oozie/src/main/java/org/apache/falcon/workflow/engine/NullCoordJob.java,2,158,0,0,0,0,0,0,0,0,0,0,0,0,0,172427,1091.310127,FALSE
rerun/src/main/java/org/apache/falcon/rerun/handler/AbstractRerunHandler.java,2,76,0,0,0,0,0,0,0,0,0,0,0,0,0,172427,2268.776316,FALSE
rerun/src/main/java/org/apache/falcon/rerun/policy/PeriodicPolicy.java,2,29,0,0,0,0,0,0,0,0,0,0,0,0,0,172427,5945.758621,FALSE
oozie/src/main/java/org/apache/falcon/util/OozieUtils.java,2,42,0,0,0,0,0,0,0,0,0,0,0,0,0,172427,4105.404762,FALSE
replication/src/main/java/org/apache/falcon/replication/CustomReplicator.java,2,63,0,0,0,0,0,0,0,0,0,0,0,0,0,172427,2736.936508,FALSE
metrics/src/main/java/org/apache/falcon/monitors/Dimension.java,2,37,0,0,0,0,0,0,0,0,0,0,0,0,0,172427,4660.189189,FALSE
common/src/main/java/org/apache/falcon/service/Services.java,2,86,0,0,0,0,0,0,0,0,0,0,0,0,0,172427,2004.965116,FALSE
common/src/main/java/org/apache/falcon/expression/ExpressionHelper.java,2,204,0,0,0,0,0,0,0,0,0,0,0,0,0,172427,845.230392,FALSE
metrics/src/main/java/org/apache/falcon/monitors/Monitored.java,2,37,0,0,0,0,0,0,0,0,0,0,0,0,0,172427,4660.189189,FALSE
rerun/src/test/java/org/apache/falcon/rerun/queue/InMemoryQueueTest.java,2,88,0,0,0,0,0,0,0,0,0,0,0,0,0,172427,1959.397727,FALSE
messaging/src/main/java/org/apache/falcon/messaging/EntityInstanceMessageCreator.java,2,58,0,0,0,0,0,0,0,0,0,0,0,0,0,172427,2972.87931,FALSE
metrics/src/main/java/org/apache/falcon/util/ResourcesReflectionUtil.java,2,149,0,0,0,0,0,0,0,0,0,0,0,0,0,172427,1157.228188,FALSE
prism/src/test/java/org/apache/falcon/resource/EntityManagerTest.java,2,121,0,0,0,0,0,0,0,0,0,0,0,0,0,172427,1425.016529,FALSE
prism/src/main/java/org/apache/falcon/resource/channel/Channel.java,2,31,0,0,0,0,0,0,0,0,0,0,0,0,0,172427,5562.16129,FALSE
webapp/src/test/java/org/apache/falcon/logging/LogProviderIT.java,2,160,0,0,0,0,0,0,0,0,0,0,0,0,0,172427,1077.66875,FALSE
common/src/test/java/org/apache/falcon/entity/AbstractTestBase.java,2,148,0,0,0,0,0,0,0,0,0,0,0,0,0,172427,1165.047297,FALSE
prism/src/main/java/org/apache/falcon/plugin/ChainableMonitoringPlugin.java,2,73,0,0,0,0,0,0,0,0,0,0,0,0,0,172427,2362.013699,FALSE
common/src/test/java/org/apache/falcon/entity/EntityUtilTest.java,2,215,0,0,0,0,0,0,0,0,0,0,0,0,0,172427,801.986047,FALSE
common/src/main/java/org/apache/falcon/workflow/engine/WorkflowEngineActionListener.java,2,45,0,0,0,0,0,0,0,0,0,0,0,0,0,172427,3831.711111,FALSE
oozie/src/test/java/org/apache/falcon/oozie/workflow/WorkflowUnmarshallingTest.java,2,52,0,0,0,0,0,0,0,0,0,0,0,0,0,172427,3315.903846,FALSE
replication/src/test/java/org/apache/falcon/replication/FilteredCopyListingTest.java,2,226,0,0,0,0,0,0,0,0,0,0,0,0,0,172427,762.951327,FALSE
common/src/main/java/org/apache/falcon/service/ServiceInitializer.java,2,67,0,0,0,0,0,0,0,0,0,0,0,0,0,172427,2573.537313,FALSE
common/src/main/java/org/apache/falcon/cleanup/ProcessCleanupHandler.java,2,66,0,0,0,0,0,0,0,0,0,0,0,0,0,172427,2612.530303,FALSE
common/src/main/java/org/apache/falcon/entity/store/EntityAlreadyExistsException.java,2,39,0,0,0,0,0,0,0,0,0,0,0,0,0,172427,4421.205128,FALSE
common/src/main/java/org/apache/falcon/util/BuildProperties.java,2,55,0,0,0,0,0,0,0,0,0,0,0,0,0,172427,3135.036364,FALSE
common/src/main/java/org/apache/falcon/security/FalconLoginModule.java,2,89,0,0,0,0,0,0,0,0,0,0,0,0,0,172427,1937.382022,FALSE
rerun/src/main/java/org/apache/falcon/rerun/policy/FinalPolicy.java,2,40,0,0,0,0,0,0,0,0,0,0,0,0,0,172427,4310.675,FALSE
prism/src/main/java/org/apache/falcon/service/SLAMonitoringService.java,2,237,0,0,0,0,0,0,0,0,0,0,0,0,0,172427,727.540084,FALSE
common/src/main/java/org/apache/falcon/entity/store/StoreAccessException.java,2,38,0,0,0,0,0,0,0,0,0,0,0,0,0,172427,4537.552632,FALSE
prism/src/main/java/org/apache/falcon/security/BasicAuthFilter.java,2,99,0,0,0,0,0,0,0,0,0,0,0,0,0,172427,1741.686869,FALSE
messaging/src/main/java/org/apache/falcon/messaging/EntityInstanceMessage.java,2,224,0,0,0,0,0,0,0,0,0,0,0,0,0,172427,769.763393,FALSE
rerun/src/main/java/org/apache/falcon/rerun/policy/RerunPolicyFactory.java,2,46,0,0,0,0,0,0,0,0,0,0,0,0,0,172427,3748.413043,FALSE
client/src/main/java/org/apache/falcon/entity/v0/Frequency.java,2,109,0,0,0,0,0,0,0,0,0,0,0,0,0,172427,1581.899083,FALSE
prism/src/test/java/org/apache/falcon/aspect/LoggingAspectTest.java,2,81,0,0,0,0,0,0,0,0,0,0,0,0,0,172427,2128.728395,FALSE
rerun/src/main/java/org/apache/falcon/rerun/event/RerunEvent.java,2,121,0,0,0,0,0,0,0,0,0,0,0,0,0,172427,1425.016529,FALSE
common/src/test/java/org/apache/falcon/security/CurrentUserTest.java,2,35,0,0,0,0,0,0,0,0,0,0,0,0,0,172427,4926.485714,FALSE
common/src/main/java/org/apache/falcon/cleanup/FeedCleanupHandler.java,2,66,0,0,0,0,0,0,0,0,0,0,0,0,0,172427,2612.530303,FALSE
common/src/main/java/org/apache/falcon/group/FeedGroup.java,2,100,0,0,0,0,0,0,0,0,0,0,0,0,0,172427,1724.27,FALSE
prism/src/main/java/org/apache/falcon/resource/channel/ChannelFactory.java,2,62,0,0,0,0,0,0,0,0,0,0,0,0,0,172427,2781.080645,FALSE
prism/src/main/java/org/apache/falcon/FalconWebException.java,2,89,0,0,0,0,0,0,0,0,0,0,0,0,0,172427,1937.382022,FALSE
oozie/src/main/java/org/apache/oozie/client/CustomOozieClient.java,2,88,0,0,0,0,0,0,0,0,0,0,0,0,0,172427,1959.397727,FALSE
rerun/src/main/java/org/apache/falcon/rerun/event/RerunEventFactory.java,2,72,0,0,0,0,0,0,0,0,0,0,0,0,0,172427,2394.819444,FALSE
common/src/test/java/org/apache/falcon/entity/FeedHelperTest.java,2,54,0,0,0,0,0,0,0,0,0,0,0,0,0,172427,3193.092593,FALSE
common/src/main/java/org/apache/falcon/service/FalconService.java,2,33,0,0,0,0,0,0,0,0,0,0,0,0,0,172427,5225.060606,FALSE
rerun/src/main/java/org/apache/falcon/rerun/handler/RerunHandlerFactory.java,2,50,0,0,0,0,0,0,0,0,0,0,0,0,0,172427,3448.54,FALSE
rerun/src/main/java/org/apache/falcon/rerun/handler/RetryConsumer.java,2,100,0,0,0,0,0,0,0,0,0,0,0,0,0,172427,1724.27,FALSE
prism/src/main/java/org/apache/falcon/resource/channel/MethodKey.java,2,85,0,0,0,0,0,0,0,0,0,0,0,0,0,172427,2028.552941,FALSE
common/src/main/java/org/apache/falcon/util/RuntimeProperties.java,2,94,0,0,0,0,0,0,0,0,0,0,0,0,0,172427,1834.329787,FALSE
rerun/src/main/java/org/apache/falcon/rerun/handler/AbstractRerunConsumer.java,2,79,0,0,0,0,0,0,0,0,0,0,0,0,0,172427,2182.620253,FALSE
rerun/src/main/java/org/apache/falcon/rerun/policy/AbstractRerunPolicy.java,2,44,0,0,0,0,0,0,0,0,0,0,0,0,0,172427,3918.795455,FALSE
common/src/main/java/org/apache/falcon/security/FalconSecurityConfiguration.java,2,52,0,0,0,0,0,0,0,0,0,0,0,0,0,172427,3315.903846,FALSE
rerun/src/main/java/org/apache/falcon/rerun/service/RetryService.java,2,69,0,0,0,0,0,0,0,0,0,0,0,0,0,172427,2498.942029,FALSE
rerun/src/main/java/org/apache/falcon/rerun/handler/RetryHandler.java,2,91,0,0,0,0,0,0,0,0,0,0,0,0,0,172427,1894.802198,FALSE
client/src/test/java/org/apache/falcon/entity/v0/TestFrequency.java,2,36,0,0,0,0,0,0,0,0,0,0,0,0,0,172427,4789.638889,FALSE
client/src/main/java/org/apache/falcon/entity/v0/DateValidator.java,2,77,0,0,0,0,0,0,0,0,0,0,0,0,0,172427,2239.311688,FALSE
prism/src/main/java/org/apache/falcon/resource/proxy/BufferedRequest.java,2,354,0,0,0,0,0,0,0,0,0,0,0,0,0,172427,487.081921,FALSE
rerun/src/main/java/org/apache/falcon/latedata/LateDataHandler.java,2,165,0,0,0,0,0,0,0,0,0,0,0,0,0,172427,1045.012121,FALSE
webapp/src/test/java/org/apache/falcon/security/BasicAuthFilterTest.java,2,116,0,0,0,0,0,0,0,0,0,0,0,0,0,172427,1486.439655,FALSE
common/src/main/java/org/apache/falcon/workflow/WorkflowEngineFactory.java,2,40,0,0,0,0,0,0,0,0,0,0,0,0,0,172427,4310.675,FALSE
webapp/src/test/java/org/apache/falcon/resource/PigProcessIT.java,2,119,0,0,0,0,0,0,0,0,0,0,0,0,0,172427,1448.966387,FALSE
common/src/main/java/org/apache/falcon/workflow/WorkflowBuilder.java,2,47,0,0,0,0,0,0,0,0,0,0,0,0,0,172427,3668.659574,FALSE
webapp/src/main/java/org/apache/falcon/resource/ConfigSyncService.java,2,70,0,0,0,0,0,0,0,0,0,0,0,0,0,172427,2463.242857,FALSE
client/src/main/java/org/apache/falcon/resource/EntityList.java,2,90,0,0,0,0,0,0,0,0,0,0,0,0,0,172427,1915.855556,FALSE
test-util/src/main/java/org/apache/falcon/cluster/util/StandAloneCluster.java,2,56,0,0,0,0,0,0,0,0,0,0,0,0,0,172427,3079.053571,FALSE
oozie/src/test/java/org/apache/falcon/oozie/bundle/BundleUnmarshallingTest.java,2,51,0,0,0,0,0,0,0,0,0,0,0,0,0,172427,3380.921569,FALSE
common/src/main/java/org/apache/falcon/entity/ClusterHelper.java,2,115,0,0,0,0,0,0,0,0,0,0,0,0,0,172427,1499.365217,FALSE
client/src/test/java/org/apache/falcon/entity/v0/DateValidatorTest.java,2,82,0,0,0,0,0,0,0,0,0,0,0,0,0,172427,2102.768293,FALSE
client/src/main/java/org/apache/falcon/Pair.java,2,74,0,0,0,0,0,0,0,0,0,0,0,0,0,172427,2330.094595,FALSE
common/src/main/java/org/apache/falcon/service/LogCleanupService.java,2,93,0,0,0,0,0,0,0,0,0,0,0,0,0,172427,1854.053763,FALSE
metrics/src/main/java/org/apache/falcon/plugin/LoggingPlugin.java,2,34,0,0,0,0,0,0,0,0,0,0,0,0,0,172427,5071.382353,FALSE
oozie/src/main/java/org/apache/falcon/workflow/FalconPostProcessing.java,2,216,0,0,0,0,0,0,0,0,0,0,0,0,0,172427,798.273148,FALSE
common/src/main/java/org/apache/falcon/entity/FeedHelper.java,2,109,0,0,0,0,0,0,0,0,0,0,0,0,0,172427,1581.899083,FALSE
client/src/main/java/org/apache/falcon/entity/v0/EntityType.java,2,98,0,0,0,0,0,0,0,0,0,0,0,0,0,172427,1759.459184,FALSE
messaging/src/main/java/org/apache/falcon/messaging/MessageProducer.java,2,176,0,0,0,0,0,0,0,0,0,0,0,0,0,172427,979.698864,FALSE
rerun/src/main/java/org/apache/falcon/rerun/event/LaterunEvent.java,2,42,0,0,0,0,0,0,0,0,0,0,0,0,0,172427,4105.404762,FALSE
common/src/main/java/org/apache/falcon/util/ReflectionUtils.java,2,55,0,0,0,0,0,0,0,0,0,0,0,0,0,172427,3135.036364,FALSE
prism/src/main/java/org/apache/falcon/resource/channel/IPCChannel.java,2,66,0,0,0,0,0,0,0,0,0,0,0,0,0,172427,2612.530303,FALSE
common/src/main/java/org/apache/falcon/util/StartupProperties.java,2,55,0,0,0,0,0,0,0,0,0,0,0,0,0,172427,3135.036364,FALSE
common/src/main/java/org/apache/falcon/FalconRuntimException.java,2,43,0,0,0,0,0,0,0,0,0,0,0,0,0,172427,4009.930233,FALSE
oozie/src/test/java/org/apache/falcon/oozie/coordinator/CoordinatorUnmarshallingTest.java,2,50,0,0,0,0,0,0,0,0,0,0,0,0,0,172427,3448.54,FALSE
common/src/main/java/org/apache/falcon/entity/v0/UnschedulableEntityException.java,2,43,0,0,0,0,0,0,0,0,0,0,0,0,0,172427,4009.930233,FALSE
client/src/main/java/org/apache/falcon/resource/APIResult.java,2,107,0,0,0,0,0,0,0,0,0,0,0,0,0,172427,1611.46729,FALSE
rerun/src/main/java/org/apache/falcon/rerun/event/RetryEvent.java,2,62,0,0,0,0,0,0,0,0,0,0,0,0,0,172427,2781.080645,FALSE
rerun/src/test/java/org/apache/falcon/rerun/handler/TestLateData.java,2,194,0,0,0,0,0,0,0,0,0,0,0,0,0,172427,888.798969,FALSE
rerun/src/main/java/org/apache/falcon/rerun/policy/ExpBackoffPolicy.java,2,58,0,0,0,0,0,0,0,0,0,0,0,0,0,172427,2972.87931,FALSE
metrics/src/main/java/org/apache/falcon/plugin/MonitoringPlugin.java,2,29,0,0,0,0,0,0,0,0,0,0,0,0,0,172427,5945.758621,FALSE
oozie/src/main/java/org/apache/falcon/workflow/engine/NullBundleJob.java,2,133,0,0,0,0,0,0,0,0,0,0,0,0,0,172427,1296.443609,FALSE
feed/src/test/java/org/apache/falcon/converter/OozieFeedMapperTest.java,2,152,0,0,0,0,0,0,0,0,0,0,0,0,0,172427,1134.388158,FALSE
common/src/test/java/org/apache/falcon/entity/ColoClusterRelationTest.java,2,73,0,0,0,0,0,0,0,0,0,0,0,0,0,172427,2362.013699,FALSE
rerun/src/test/java/org/apache/falcon/rerun/AbstractRerunPolicyTest.java,2,93,0,0,0,0,0,0,0,0,0,0,0,0,0,172427,1854.053763,FALSE
common/src/main/java/org/apache/falcon/entity/common/FeedDataPath.java,2,64,0,0,0,0,0,0,0,0,0,0,0,0,0,172427,2694.171875,FALSE
metrics/src/main/java/org/apache/falcon/aspect/ResourceMessage.java,2,71,0,0,0,0,0,0,0,0,0,0,0,0,0,172427,2428.549296,FALSE
prism/src/main/java/org/apache/falcon/service/ProcessSubscriberService.java,2,67,0,0,0,0,0,0,0,0,0,0,0,0,0,172427,2573.537313,FALSE
client/src/main/java/org/apache/falcon/cli/CLIParser.java,2,151,0,0,0,0,0,0,0,0,0,0,0,0,0,172427,1141.900662,FALSE
common/src/main/java/org/apache/falcon/FalconException.java,2,48,0,0,0,0,0,0,0,0,0,0,0,0,0,172427,3592.229167,FALSE
common/src/main/java/org/apache/falcon/security/SecurityConstants.java,2,38,0,0,0,0,0,0,0,0,0,0,0,0,0,172427,4537.552632,FALSE
oozie/src/main/java/org/apache/falcon/workflow/engine/OozieClientFactory.java,2,85,0,0,0,0,0,0,0,0,0,0,0,0,0,172427,2028.552941,FALSE
client/src/main/java/org/apache/falcon/entity/v0/Entity.java,2,94,0,0,0,0,0,0,0,0,0,0,0,0,0,172427,1834.329787,FALSE
client/src/main/java/org/apache/falcon/Tag.java,2,38,0,0,0,0,0,0,0,0,0,0,0,0,0,172427,4537.552632,FALSE
webapp/src/main/java/org/apache/falcon/Main.java,2,58,0,0,0,0,0,0,0,0,0,0,0,0,0,172427,2972.87931,FALSE
common/src/main/java/org/apache/falcon/entity/parser/EntityParserFactory.java,2,53,0,0,0,0,0,0,0,0,0,0,0,0,0,172427,3253.339623,FALSE
common/src/main/java/org/apache/falcon/entity/parser/ValidationException.java,2,42,0,0,0,0,0,0,0,0,0,0,0,0,0,172427,4105.404762,FALSE
prism/src/test/java/org/apache/falcon/aspect/GenericAlertTest.java,2,35,0,0,0,0,0,0,0,0,0,0,0,0,0,172427,4926.485714,FALSE
process/src/test/java/org/apache/falcon/converter/OozieProcessMapperLateProcessTest.java,2,96,0,0,0,0,0,0,0,0,0,0,0,0,0,172427,1796.114583,FALSE
oozie/src/test/java/org/apache/falcon/oozie/workflow/FalconPostProcessingTest.java,2,161,0,0,0,0,0,0,0,0,0,0,0,0,0,172427,1070.975155,FALSE
feed/src/main/java/org/apache/falcon/converter/OozieFeedMapper.java,2,371,0,0,0,0,0,0,0,0,0,0,0,0,0,172427,464.762803,FALSE
common/src/test/java/org/apache/falcon/group/FeedGroupMapTest.java,2,200,0,0,0,0,0,0,0,0,0,0,0,0,0,172427,862.135,FALSE
client/src/test/java/org/apache/falcon/cli/TestCLIParser.java,2,69,0,0,0,0,0,0,0,0,0,0,0,0,0,172427,2498.942029,FALSE
prism/src/main/java/org/apache/falcon/resource/channel/NullServletRequest.java,2,315,0,0,0,0,0,0,0,0,0,0,0,0,0,172427,547.387302,FALSE
common/src/main/java/org/apache/falcon/util/DeploymentUtil.java,2,87,0,0,0,0,0,0,0,0,0,0,0,0,0,172427,1981.91954,FALSE
oozie/src/main/java/org/apache/falcon/service/FalconPathFilter.java,2,30,0,0,0,0,0,0,0,0,0,0,0,0,0,172427,5747.566667,FALSE
common/src/main/java/org/apache/falcon/cleanup/AbstractCleanupHandler.java,2,149,0,0,0,0,0,0,0,0,0,0,0,0,0,172427,1157.228188,FALSE
common/src/main/java/org/apache/falcon/security/CurrentUser.java,2,82,0,0,0,0,0,0,0,0,0,0,0,0,0,172427,2102.768293,FALSE
metrics/src/main/java/org/apache/falcon/aspect/AbstractFalconAspect.java,2,95,0,0,0,0,0,0,0,0,0,0,0,0,0,172427,1815.021053,FALSE
common/src/main/java/org/apache/falcon/entity/parser/ProcessEntityParser.java,2,184,0,0,0,0,0,0,0,0,0,0,0,0,0,172427,937.103261,FALSE
common/src/main/java/org/apache/falcon/entity/EntityNotRegisteredException.java,3,31,0,0,0,0,0,0,0,0,0,0,0,0,0,243893,7867.516129,FALSE
webapp/src/test/java/org/apache/falcon/util/ResourcesReflectionUtilTest.java,3,53,2,1,0,1,1,1,1,0,0,0,7,7,0,243893,4601.754717,FALSE
rerun/src/main/java/org/apache/falcon/rerun/handler/LateRerunConsumer.java,3,148,59,1,0,1,26,26,26,-7,0,-7,74,74,-7,243893,1647.925676,FALSE
common/src/main/java/org/apache/falcon/entity/WorkflowNameBuilder.java,3,130,0,0,0,0,0,0,0,0,0,0,0,0,0,243893,1876.1,FALSE
common/src/main/java/org/apache/falcon/entity/ExternalId.java,3,77,0,0,0,0,0,0,0,0,0,0,0,0,0,243893,3167.441558,FALSE
common/src/main/java/org/apache/falcon/entity/ProcessHelper.java,3,39,0,0,0,0,0,0,0,0,0,0,0,0,0,243893,6253.666667,FALSE
common/src/main/java/org/apache/falcon/util/DeploymentProperties.java,3,55,0,0,0,0,0,0,0,0,0,0,0,0,0,243893,4434.418182,FALSE
prism/src/main/java/org/apache/falcon/listener/ContextStartupListener.java,3,95,0,0,0,0,0,0,0,0,0,0,0,0,0,243893,2567.294737,FALSE
common/src/test/java/org/apache/falcon/entity/TestWorkflowNameBuilder.java,3,91,0,0,0,0,0,0,0,0,0,0,0,0,0,243893,2680.142857,FALSE
prism/src/main/java/org/apache/falcon/util/EmbeddedServer.java,3,51,4,1,0,1,2,2,2,0,0,0,4,4,0,243893,4782.215686,FALSE
metrics/src/main/java/org/apache/falcon/monitors/TimeTaken.java,3,36,0,0,0,0,0,0,0,0,0,0,0,0,0,243893,6774.805556,FALSE
prism/src/main/java/org/apache/falcon/resource/channel/AbstractChannel.java,3,51,0,0,0,0,0,0,0,0,0,0,0,0,0,243893,4782.215686,FALSE
process/src/test/java/org/apache/falcon/converter/AbstractTestBase.java,3,83,0,0,0,0,0,0,0,0,0,0,0,0,0,243893,2938.46988,FALSE
common/src/test/java/org/apache/falcon/entity/EntityTypeTest.java,3,42,0,0,0,0,0,0,0,0,0,0,0,0,0,243893,5806.97619,FALSE
common/src/main/java/org/apache/falcon/security/FalconPrincipal.java,3,38,0,0,0,0,0,0,0,0,0,0,0,0,0,243893,6418.236842,FALSE
prism/src/main/java/org/apache/falcon/Prism.java,3,52,0,0,0,0,0,0,0,0,0,0,0,0,0,243893,4690.25,FALSE
common/src/test/java/org/apache/falcon/entity/parser/FeedUpdateTest.java,3,142,2,1,0,1,1,1,1,0,0,0,17,17,0,243893,1717.556338,FALSE
rerun/src/test/java/org/apache/falcon/rerun/queue/ActiveMQTest.java,3,66,2,1,0,1,1,1,1,0,0,0,7,7,0,243893,3695.348485,FALSE
oozie/src/main/java/org/apache/falcon/logging/LogProvider.java,3,163,0,0,0,0,0,0,0,0,0,0,0,0,0,243893,1496.276074,FALSE
rerun/src/main/java/org/apache/falcon/rerun/queue/DelayedQueue.java,3,42,0,0,0,0,0,0,0,0,0,0,0,0,0,243893,5806.97619,FALSE
oozie/src/main/java/org/apache/falcon/workflow/engine/NullCoordJob.java,3,158,4,1,0,1,2,2,2,0,0,0,74,74,0,243893,1543.626582,FALSE
rerun/src/main/java/org/apache/falcon/rerun/handler/AbstractRerunHandler.java,3,76,5,1,0,1,2,2,2,-1,0,-1,74,74,-1,243893,3209.118421,FALSE
rerun/src/main/java/org/apache/falcon/rerun/policy/PeriodicPolicy.java,3,29,0,0,0,0,0,0,0,0,0,0,0,0,0,243893,8410.103448,FALSE
oozie/src/main/java/org/apache/falcon/util/OozieUtils.java,3,42,0,0,0,0,0,0,0,0,0,0,0,0,0,243893,5806.97619,FALSE
replication/src/main/java/org/apache/falcon/replication/CustomReplicator.java,3,63,0,0,0,0,0,0,0,0,0,0,0,0,0,243893,3871.31746,FALSE
metrics/src/main/java/org/apache/falcon/monitors/Dimension.java,3,37,0,0,0,0,0,0,0,0,0,0,0,0,0,243893,6591.702703,FALSE
common/src/main/java/org/apache/falcon/service/Services.java,3,86,0,0,0,0,0,0,0,0,0,0,0,0,0,243893,2835.965116,FALSE
common/src/main/java/org/apache/falcon/expression/ExpressionHelper.java,3,204,0,0,0,0,0,0,0,0,0,0,0,0,0,243893,1195.553922,FALSE
metrics/src/main/java/org/apache/falcon/monitors/Monitored.java,3,37,0,0,0,0,0,0,0,0,0,0,0,0,0,243893,6591.702703,FALSE
rerun/src/test/java/org/apache/falcon/rerun/queue/InMemoryQueueTest.java,3,88,0,0,0,0,0,0,0,0,0,0,0,0,0,243893,2771.511364,FALSE
messaging/src/main/java/org/apache/falcon/messaging/EntityInstanceMessageCreator.java,3,58,0,0,0,0,0,0,0,0,0,0,0,0,0,243893,4205.051724,FALSE
metrics/src/main/java/org/apache/falcon/util/ResourcesReflectionUtil.java,3,149,0,0,0,0,0,0,0,0,0,0,0,0,0,243893,1636.865772,FALSE
prism/src/test/java/org/apache/falcon/resource/EntityManagerTest.java,3,121,0,0,0,0,0,0,0,0,0,0,0,0,0,243893,2015.644628,FALSE
prism/src/main/java/org/apache/falcon/resource/channel/Channel.java,3,31,0,0,0,0,0,0,0,0,0,0,0,0,0,243893,7867.516129,FALSE
webapp/src/test/java/org/apache/falcon/logging/LogProviderIT.java,3,160,1,1,0,1,1,1,1,1,1,1,17,17,1,243893,1524.33125,FALSE
common/src/test/java/org/apache/falcon/entity/AbstractTestBase.java,3,148,0,0,0,0,0,0,0,0,0,0,0,0,0,243893,1647.925676,FALSE
prism/src/main/java/org/apache/falcon/plugin/ChainableMonitoringPlugin.java,3,73,0,0,0,0,0,0,0,0,0,0,0,0,0,243893,3341,FALSE
common/src/test/java/org/apache/falcon/entity/EntityUtilTest.java,3,215,0,0,0,0,0,0,0,0,0,0,0,0,0,243893,1134.386047,FALSE
common/src/main/java/org/apache/falcon/workflow/engine/WorkflowEngineActionListener.java,3,45,0,0,0,0,0,0,0,0,0,0,0,0,0,243893,5419.844444,FALSE
oozie/src/test/java/org/apache/falcon/oozie/workflow/WorkflowUnmarshallingTest.java,3,52,0,0,0,0,0,0,0,0,0,0,0,0,0,243893,4690.25,FALSE
replication/src/test/java/org/apache/falcon/replication/FilteredCopyListingTest.java,3,226,0,0,0,0,0,0,0,0,0,0,0,0,0,243893,1079.172566,FALSE
common/src/main/java/org/apache/falcon/service/ServiceInitializer.java,3,67,0,0,0,0,0,0,0,0,0,0,0,0,0,243893,3640.19403,FALSE
common/src/main/java/org/apache/falcon/cleanup/ProcessCleanupHandler.java,3,66,0,0,0,0,0,0,0,0,0,0,0,0,0,243893,3695.348485,FALSE
common/src/main/java/org/apache/falcon/entity/store/EntityAlreadyExistsException.java,3,39,0,0,0,0,0,0,0,0,0,0,0,0,0,243893,6253.666667,FALSE
common/src/main/java/org/apache/falcon/util/BuildProperties.java,3,55,0,0,0,0,0,0,0,0,0,0,0,0,0,243893,4434.418182,FALSE
common/src/main/java/org/apache/falcon/security/FalconLoginModule.java,3,89,0,0,0,0,0,0,0,0,0,0,0,0,0,243893,2740.370787,FALSE
rerun/src/main/java/org/apache/falcon/rerun/policy/FinalPolicy.java,3,40,0,0,0,0,0,0,0,0,0,0,0,0,0,243893,6097.325,FALSE
prism/src/main/java/org/apache/falcon/service/SLAMonitoringService.java,3,237,2,1,0,1,1,1,1,0,0,0,74,74,0,243893,1029.084388,FALSE
common/src/main/java/org/apache/falcon/entity/store/StoreAccessException.java,3,38,0,0,0,0,0,0,0,0,0,0,0,0,0,243893,6418.236842,FALSE
prism/src/main/java/org/apache/falcon/security/BasicAuthFilter.java,3,99,0,0,0,0,0,0,0,0,0,0,0,0,0,243893,2463.565657,FALSE
messaging/src/main/java/org/apache/falcon/messaging/EntityInstanceMessage.java,3,224,23,1,0,1,16,16,16,9,9,9,74,74,9,243893,1088.808036,FALSE
rerun/src/main/java/org/apache/falcon/rerun/policy/RerunPolicyFactory.java,3,46,0,0,0,0,0,0,0,0,0,0,0,0,0,243893,5302.021739,FALSE
client/src/main/java/org/apache/falcon/entity/v0/Frequency.java,3,109,16,1,0,1,10,10,10,4,4,4,74,74,4,243893,2237.550459,FALSE
prism/src/test/java/org/apache/falcon/aspect/LoggingAspectTest.java,3,81,2,1,0,1,1,1,1,0,0,0,7,7,0,243893,3011.024691,FALSE
rerun/src/main/java/org/apache/falcon/rerun/event/RerunEvent.java,3,121,4,1,0,1,2,2,2,0,0,0,74,74,0,243893,2015.644628,FALSE
common/src/test/java/org/apache/falcon/security/CurrentUserTest.java,3,35,0,0,0,0,0,0,0,0,0,0,0,0,0,243893,6968.371429,FALSE
common/src/main/java/org/apache/falcon/cleanup/FeedCleanupHandler.java,3,66,45,1,0,1,39,39,39,33,33,33,74,74,33,243893,3695.348485,FALSE
common/src/main/java/org/apache/falcon/group/FeedGroup.java,3,100,18,3,0,1,10,4,3.333333,2,2,0.666667,109,74,0.666667,243893,2438.93,FALSE
prism/src/main/java/org/apache/falcon/resource/channel/ChannelFactory.java,3,62,0,0,0,0,0,0,0,0,0,0,0,0,0,243893,3933.758065,FALSE
prism/src/main/java/org/apache/falcon/FalconWebException.java,3,89,0,0,0,0,0,0,0,0,0,0,0,0,0,243893,2740.370787,FALSE
oozie/src/main/java/org/apache/oozie/client/CustomOozieClient.java,3,88,0,0,0,0,0,0,0,0,0,0,0,0,0,243893,2771.511364,FALSE
rerun/src/main/java/org/apache/falcon/rerun/event/RerunEventFactory.java,3,72,2,1,0,1,0,0,0,-4,0,-4,74,74,-4,243893,3387.402778,FALSE
common/src/test/java/org/apache/falcon/entity/FeedHelperTest.java,3,54,0,0,0,0,0,0,0,0,0,0,0,0,0,243893,4516.537037,FALSE
common/src/main/java/org/apache/falcon/service/FalconService.java,3,33,0,0,0,0,0,0,0,0,0,0,0,0,0,243893,7390.69697,FALSE
rerun/src/main/java/org/apache/falcon/rerun/handler/RerunHandlerFactory.java,3,50,0,0,0,0,0,0,0,0,0,0,0,0,0,243893,4877.86,FALSE
rerun/src/main/java/org/apache/falcon/rerun/handler/RetryConsumer.java,3,100,0,0,0,0,0,0,0,0,0,0,0,0,0,243893,2438.93,FALSE
prism/src/main/java/org/apache/falcon/resource/channel/MethodKey.java,3,85,0,0,0,0,0,0,0,0,0,0,0,0,0,243893,2869.329412,FALSE
common/src/main/java/org/apache/falcon/util/RuntimeProperties.java,3,94,0,0,0,0,0,0,0,0,0,0,0,0,0,243893,2594.606383,FALSE
rerun/src/main/java/org/apache/falcon/rerun/handler/AbstractRerunConsumer.java,3,79,0,0,0,0,0,0,0,0,0,0,0,0,0,243893,3087.253165,FALSE
rerun/src/main/java/org/apache/falcon/rerun/policy/AbstractRerunPolicy.java,3,44,0,0,0,0,0,0,0,0,0,0,0,0,0,243893,5543.022727,FALSE
common/src/main/java/org/apache/falcon/security/FalconSecurityConfiguration.java,3,52,0,0,0,0,0,0,0,0,0,0,0,0,0,243893,4690.25,FALSE
rerun/src/main/java/org/apache/falcon/rerun/service/RetryService.java,3,69,0,0,0,0,0,0,0,0,0,0,0,0,0,243893,3534.681159,FALSE
rerun/src/main/java/org/apache/falcon/rerun/handler/RetryHandler.java,3,91,0,0,0,0,0,0,0,0,0,0,0,0,0,243893,2680.142857,FALSE
client/src/test/java/org/apache/falcon/entity/v0/TestFrequency.java,3,36,3,1,0,1,2,2,2,1,1,1,74,74,1,243893,6774.805556,FALSE
client/src/main/java/org/apache/falcon/entity/v0/DateValidator.java,3,77,0,0,0,0,0,0,0,0,0,0,0,0,0,243893,3167.441558,FALSE
prism/src/main/java/org/apache/falcon/resource/proxy/BufferedRequest.java,3,354,0,0,0,0,0,0,0,0,0,0,0,0,0,243893,688.963277,FALSE
rerun/src/main/java/org/apache/falcon/latedata/LateDataHandler.java,3,165,205,1,0,1,165,165,165,125,125,125,74,74,125,243893,1478.139394,FALSE
webapp/src/test/java/org/apache/falcon/security/BasicAuthFilterTest.java,3,116,0,0,0,0,0,0,0,0,0,0,0,0,0,243893,2102.525862,FALSE
common/src/main/java/org/apache/falcon/workflow/WorkflowEngineFactory.java,3,40,0,0,0,0,0,0,0,0,0,0,0,0,0,243893,6097.325,FALSE
webapp/src/test/java/org/apache/falcon/resource/PigProcessIT.java,3,119,0,0,0,0,0,0,0,0,0,0,0,0,0,243893,2049.521008,FALSE
common/src/main/java/org/apache/falcon/workflow/WorkflowBuilder.java,3,47,0,0,0,0,0,0,0,0,0,0,0,0,0,243893,5189.212766,FALSE
webapp/src/main/java/org/apache/falcon/resource/ConfigSyncService.java,3,70,0,0,0,0,0,0,0,0,0,0,0,0,0,243893,3484.185714,FALSE
client/src/main/java/org/apache/falcon/resource/EntityList.java,3,90,33,1,0,1,18,18,18,3,3,3,2,2,3,243893,2709.922222,FALSE
test-util/src/main/java/org/apache/falcon/cluster/util/StandAloneCluster.java,3,56,1,1,0,1,1,1,1,1,1,1,74,74,1,243893,4355.232143,FALSE
oozie/src/test/java/org/apache/falcon/oozie/bundle/BundleUnmarshallingTest.java,3,51,0,0,0,0,0,0,0,0,0,0,0,0,0,243893,4782.215686,FALSE
common/src/main/java/org/apache/falcon/entity/ClusterHelper.java,3,115,0,0,0,0,0,0,0,0,0,0,0,0,0,243893,2120.808696,FALSE
common/src/test/java/org/apache/falcon/util/ApplicationPropertiesTest.java,3,100,0,0,0,0,0,0,0,0,0,0,0,0,0,243893,2438.93,FALSE
client/src/test/java/org/apache/falcon/entity/v0/DateValidatorTest.java,3,82,0,0,0,0,0,0,0,0,0,0,0,0,0,243893,2974.304878,FALSE
client/src/main/java/org/apache/falcon/Pair.java,3,74,0,0,0,0,0,0,0,0,0,0,0,0,0,243893,3295.851351,FALSE
common/src/main/java/org/apache/falcon/service/LogCleanupService.java,3,93,17,1,0,1,9,9,9,1,1,1,4,4,1,243893,2622.505376,FALSE
metrics/src/main/java/org/apache/falcon/plugin/LoggingPlugin.java,3,34,0,0,0,0,0,0,0,0,0,0,0,0,0,243893,7173.323529,FALSE
oozie/src/main/java/org/apache/falcon/workflow/FalconPostProcessing.java,3,216,5,2,1,2,4,3,2,3,3,1.5,75,74,1.5,243893,1129.134259,FALSE
common/src/main/java/org/apache/falcon/entity/FeedHelper.java,3,109,391,3,0,1,271,170,90.333333,151,151,50.333333,109,74,50.333333,243893,2237.550459,FALSE
client/src/main/java/org/apache/falcon/entity/v0/EntityType.java,3,98,0,0,0,0,0,0,0,0,0,0,0,0,0,243893,2488.704082,FALSE
messaging/src/main/java/org/apache/falcon/messaging/MessageProducer.java,3,176,7,1,0,1,5,5,5,3,3,3,74,74,3,243893,1385.755682,FALSE
rerun/src/main/java/org/apache/falcon/rerun/event/LaterunEvent.java,3,42,10,1,0,1,5,5,5,0,0,0,74,74,0,243893,5806.97619,FALSE
